,name,price,link
0,2017 Chevrolet Volt,"$20,989",https://www.carpages.ca//used-cars/quebec/st-basile-le-grand/2017-chevrolet-volt-6397570/
1,2016 Chevrolet Volt,"$19,989",https://www.carpages.ca//used-cars/quebec/st-basile-le-grand/2016-chevrolet-volt-6397567/
2,2017 Hyundai Accent,"$18,995",https://www.carpages.ca//used-cars/quebec/st-constant/2017-hyundai-accent-6397033/
3,2020 Ford Explorer,"$60,449",https://www.carpages.ca//new-cars/manitoba/brandon/2020-ford-explorer-6397027/
4,2019 Ford Fusion,"$21,998",https://www.carpages.ca//used-cars/saskatchewan/regina/2019-ford-fusion-6396796/
5,2020 Ford Fusion,"$39,553",https://www.carpages.ca//new-cars/ontario/mississauga/2020-ford-fusion-6396721/
6,2019 Ford Fusion,"$41,565",https://www.carpages.ca//new-cars/ontario/mississauga/2019-ford-fusion-6396718/
7,2017 Ford Focus,"$17,991",https://www.carpages.ca//used-cars/quebec/victoriaville/2017-ford-focus-6396334/
8,2014 Toyota Camry,"$13,300",https://www.carpages.ca//used-cars/ontario/kitchener/2014-toyota-camry-6395782/
9,2017 Ford Fusion,"$19,950",https://www.carpages.ca//used-cars/ontario/kitchener/2017-ford-fusion-6394360/
10,2017 Ford Fusion,"$19,950",https://www.carpages.ca//used-cars/ontario/kitchener/2017-ford-fusion-6394354/
11,2015 Toyota Prius,"$18,750",https://www.carpages.ca//used-cars/ontario/kitchener/2015-toyota-prius-6394351/
12,2019 Ford Fusion Hybrid,"$23,992",https://www.carpages.ca//used-cars/ontario/london/2019-ford-fusion-hybrid-6394252/
13,2016 Toyota Highlander Hybrid,"$23,999",https://www.carpages.ca//used-cars/ontario/bolton/2016-toyota-highlander-hybrid-6394120/
14,2019 Toyota Highlander,"$47,999",https://www.carpages.ca//used-cars/ontario/renfrew/2019-toyota-highlander-6393154/
15,2021 Toyota Highlander,"$58,535",https://www.carpages.ca//new-cars/ontario/cobourg/2021-toyota-highlander-6392638/
16,2019 Tesla Model 3,"$54,888",https://www.carpages.ca//used-cars/british-columbia/mission/2019-tesla-model-3-6391933/
17,2021 Jeep Wrangler,"$58,136",https://www.carpages.ca//new-cars/saskatchewan/regina/2021-jeep-wrangler-6391825/
18,2018 Mitsubishi Outlander,"$30,000",https://www.carpages.ca//used-cars/british-columbia/port-moody/2018-mitsubishi-outlander-6391747/
19,2014 Toyota Camry,"$17,998",https://www.carpages.ca//used-cars/british-columbia/courtenay/2014-toyota-camry-6391216/
20,2008 Toyota Highlander Hybrid,"$10,495",https://www.carpages.ca//used-cars/ontario/komoka/2008-toyota-highlander-hybrid-6389834/
21,2019 Ford Fusion Hybrid,"$18,880",https://www.carpages.ca//used-cars/ontario/north-york/2019-ford-fusion-hybrid-6388112/
22,2019 Ford Fusion Hybrid,"$18,880",https://www.carpages.ca//used-cars/ontario/north-york/2019-ford-fusion-hybrid-6388100/
23,2019 Ford Fusion,"$16,900",https://www.carpages.ca//used-cars/ontario/waterloo/2019-ford-fusion-6388001/
24,2020 Hyundai Ioniq Hybrid,"$32,955",https://www.carpages.ca//new-cars/ontario/mississauga/2020-hyundai-ioniq-hybrid-6387914/
25,2019 RAM 1500,"$57,444",https://www.carpages.ca//used-cars/nova-scotia/kentville/2019-ram-1500-6387758/
26,2020 Nissan Leaf,"$38,995",https://www.carpages.ca//used-cars/quebec/chateauguay/2020-nissan-leaf-6386726/
27,2017 Smart fortwo,"$16,990",https://www.carpages.ca//used-cars/ontario/london/2017-smart-fortwo-6385842/
28,2016 Hyundai Sonata Plug In Hybrid,"$17,994",https://www.carpages.ca//used-cars/ontario/windsor/2016-hyundai-sonata-plug-in-hybrid-6385386/
29,2021 Jeep Wrangler,"$58,891",https://www.carpages.ca//new-cars/british-columbia/abbotsford/2021-jeep-wrangler-6385116/
30,2021 Toyota RAV4,"$39,340",https://www.carpages.ca//new-cars/ontario/hamilton/2021-toyota-rav4-6384834/
31,2021 Ford F-150,"$61,684",https://www.carpages.ca//new-cars/ontario/ottawa/2021-ford-f-150-6384636/
32,2021 Hyundai KONA,"$48,624",https://www.carpages.ca//new-cars/british-columbia/abbotsford/2021-hyundai-kona-6383781/
33,2021 Ford Mustang,"$64,245",https://www.carpages.ca//new-cars/manitoba/selkirk/2021-ford-mustang-6383208/
34,2021 Chrysler Pacifica,"$57,730",https://www.carpages.ca//new-cars/saskatchewan/saskatoon/2021-chrysler-pacifica-6382917/
35,2020 Honda Accord,"$36,375",https://www.carpages.ca//new-cars/british-columbia/port-moody/2020-honda-accord-6382401/
36,2020 Honda Accord,"$43,075",https://www.carpages.ca//new-cars/british-columbia/port-moody/2020-honda-accord-6382371/
37,2021 Hyundai KONA,"$49,589",https://www.carpages.ca//new-cars/ontario/kanata/2021-hyundai-kona-6382080/
38,2021 Hyundai KONA,"$49,139",https://www.carpages.ca//new-cars/ontario/kanata/2021-hyundai-kona-6382077/
39,2021 Hyundai KONA,"$49,589",https://www.carpages.ca//new-cars/ontario/kanata/2021-hyundai-kona-6382074/
40,2021 Hyundai KONA,"$56,139",https://www.carpages.ca//new-cars/ontario/kanata/2021-hyundai-kona-6382068/
41,2021 Toyota Highlander,"$47,925",https://www.carpages.ca//new-cars/ontario/whitby/2021-toyota-highlander-6381423/
42,2016 Toyota Camry,"$18,880",https://www.carpages.ca//used-cars/ontario/kitchener/2016-toyota-camry-6380792/
43,2021 Kia Soul EV,"$53,890",https://www.carpages.ca//new-cars/british-columbia/vancouver/2021-kia-soul-ev-6380168/
44,2019 Chevrolet Volt,"$36,525",https://www.carpages.ca//used-cars/british-columbia/north-vancouver/2019-chevrolet-volt-6378768/
45,2019 Hyundai IONIQ,"$26,500",https://www.carpages.ca//used-cars/british-columbia/surrey/2019-hyundai-ioniq-6378537/
46,2020 Ford Fusion,"$25,500",https://www.carpages.ca//used-cars/british-columbia/new-westminster/2020-ford-fusion-6378525/
47,2020 Ford Fusion,"$24,800",https://www.carpages.ca//used-cars/british-columbia/new-westminster/2020-ford-fusion-6378519/
48,2020 Ford Fusion,"$25,500",https://www.carpages.ca//used-cars/british-columbia/new-westminster/2020-ford-fusion-6378513/
49,2020 Ford Fusion,"$24,800",https://www.carpages.ca//used-cars/british-columbia/new-westminster/2020-ford-fusion-6378507/
50,2017 Chevrolet Volt,"$20,989",https://www.carpages.ca//used-cars/quebec/st-basile-le-grand/2017-chevrolet-volt-6397570/
51,2016 Chevrolet Volt,"$19,989",https://www.carpages.ca//used-cars/quebec/st-basile-le-grand/2016-chevrolet-volt-6397567/
52,2017 Hyundai Accent,"$18,995",https://www.carpages.ca//used-cars/quebec/st-constant/2017-hyundai-accent-6397033/
53,2020 Ford Explorer,"$60,449",https://www.carpages.ca//new-cars/manitoba/brandon/2020-ford-explorer-6397027/
54,2019 Ford Fusion,"$21,998",https://www.carpages.ca//used-cars/saskatchewan/regina/2019-ford-fusion-6396796/
55,2020 Ford Fusion,"$39,553",https://www.carpages.ca//new-cars/ontario/mississauga/2020-ford-fusion-6396721/
56,2019 Ford Fusion,"$41,565",https://www.carpages.ca//new-cars/ontario/mississauga/2019-ford-fusion-6396718/
57,2017 Ford Focus,"$17,991",https://www.carpages.ca//used-cars/quebec/victoriaville/2017-ford-focus-6396334/
58,2014 Toyota Camry,"$13,300",https://www.carpages.ca//used-cars/ontario/kitchener/2014-toyota-camry-6395782/
59,2017 Ford Fusion,"$19,950",https://www.carpages.ca//used-cars/ontario/kitchener/2017-ford-fusion-6394360/
60,2017 Ford Fusion,"$19,950",https://www.carpages.ca//used-cars/ontario/kitchener/2017-ford-fusion-6394354/
61,2015 Toyota Prius,"$18,750",https://www.carpages.ca//used-cars/ontario/kitchener/2015-toyota-prius-6394351/
62,2019 Ford Fusion Hybrid,"$23,992",https://www.carpages.ca//used-cars/ontario/london/2019-ford-fusion-hybrid-6394252/
63,2016 Toyota Highlander Hybrid,"$23,999",https://www.carpages.ca//used-cars/ontario/bolton/2016-toyota-highlander-hybrid-6394120/
64,2019 Toyota Highlander,"$47,999",https://www.carpages.ca//used-cars/ontario/renfrew/2019-toyota-highlander-6393154/
65,2021 Toyota Highlander,"$58,535",https://www.carpages.ca//new-cars/ontario/cobourg/2021-toyota-highlander-6392638/
66,2019 Tesla Model 3,"$54,888",https://www.carpages.ca//used-cars/british-columbia/mission/2019-tesla-model-3-6391933/
67,2021 Jeep Wrangler,"$58,136",https://www.carpages.ca//new-cars/saskatchewan/regina/2021-jeep-wrangler-6391825/
68,2018 Mitsubishi Outlander,"$30,000",https://www.carpages.ca//used-cars/british-columbia/port-moody/2018-mitsubishi-outlander-6391747/
69,2014 Toyota Camry,"$17,998",https://www.carpages.ca//used-cars/british-columbia/courtenay/2014-toyota-camry-6391216/
70,2008 Toyota Highlander Hybrid,"$10,495",https://www.carpages.ca//used-cars/ontario/komoka/2008-toyota-highlander-hybrid-6389834/
71,2019 Ford Fusion Hybrid,"$18,880",https://www.carpages.ca//used-cars/ontario/north-york/2019-ford-fusion-hybrid-6388112/
72,2019 Ford Fusion Hybrid,"$18,880",https://www.carpages.ca//used-cars/ontario/north-york/2019-ford-fusion-hybrid-6388100/
73,2019 Ford Fusion,"$16,900",https://www.carpages.ca//used-cars/ontario/waterloo/2019-ford-fusion-6388001/
74,2020 Hyundai Ioniq Hybrid,"$32,955",https://www.carpages.ca//new-cars/ontario/mississauga/2020-hyundai-ioniq-hybrid-6387914/
75,2019 RAM 1500,"$57,444",https://www.carpages.ca//used-cars/nova-scotia/kentville/2019-ram-1500-6387758/
76,2020 Nissan Leaf,"$38,995",https://www.carpages.ca//used-cars/quebec/chateauguay/2020-nissan-leaf-6386726/
77,2017 Smart fortwo,"$16,990",https://www.carpages.ca//used-cars/ontario/london/2017-smart-fortwo-6385842/
78,2016 Hyundai Sonata Plug In Hybrid,"$17,994",https://www.carpages.ca//used-cars/ontario/windsor/2016-hyundai-sonata-plug-in-hybrid-6385386/
79,2021 Jeep Wrangler,"$58,891",https://www.carpages.ca//new-cars/british-columbia/abbotsford/2021-jeep-wrangler-6385116/
80,2021 Toyota RAV4,"$39,340",https://www.carpages.ca//new-cars/ontario/hamilton/2021-toyota-rav4-6384834/
81,2021 Ford F-150,"$61,684",https://www.carpages.ca//new-cars/ontario/ottawa/2021-ford-f-150-6384636/
82,2021 Hyundai KONA,"$48,624",https://www.carpages.ca//new-cars/british-columbia/abbotsford/2021-hyundai-kona-6383781/
83,2021 Ford Mustang,"$64,245",https://www.carpages.ca//new-cars/manitoba/selkirk/2021-ford-mustang-6383208/
84,2021 Chrysler Pacifica,"$57,730",https://www.carpages.ca//new-cars/saskatchewan/saskatoon/2021-chrysler-pacifica-6382917/
85,2020 Honda Accord,"$36,375",https://www.carpages.ca//new-cars/british-columbia/port-moody/2020-honda-accord-6382401/
86,2020 Honda Accord,"$43,075",https://www.carpages.ca//new-cars/british-columbia/port-moody/2020-honda-accord-6382371/
87,2021 Hyundai KONA,"$49,589",https://www.carpages.ca//new-cars/ontario/kanata/2021-hyundai-kona-6382080/
88,2021 Hyundai KONA,"$49,139",https://www.carpages.ca//new-cars/ontario/kanata/2021-hyundai-kona-6382077/
89,2021 Hyundai KONA,"$49,589",https://www.carpages.ca//new-cars/ontario/kanata/2021-hyundai-kona-6382074/
90,2021 Hyundai KONA,"$56,139",https://www.carpages.ca//new-cars/ontario/kanata/2021-hyundai-kona-6382068/
91,2021 Toyota Highlander,"$47,925",https://www.carpages.ca//new-cars/ontario/whitby/2021-toyota-highlander-6381423/
92,2016 Toyota Camry,"$18,880",https://www.carpages.ca//used-cars/ontario/kitchener/2016-toyota-camry-6380792/
93,2021 Kia Soul EV,"$53,890",https://www.carpages.ca//new-cars/british-columbia/vancouver/2021-kia-soul-ev-6380168/
94,2019 Chevrolet Volt,"$36,525",https://www.carpages.ca//used-cars/british-columbia/north-vancouver/2019-chevrolet-volt-6378768/
95,2019 Hyundai IONIQ,"$26,500",https://www.carpages.ca//used-cars/british-columbia/surrey/2019-hyundai-ioniq-6378537/
96,2020 Ford Fusion,"$25,500",https://www.carpages.ca//used-cars/british-columbia/new-westminster/2020-ford-fusion-6378525/
97,2020 Ford Fusion,"$24,800",https://www.carpages.ca//used-cars/british-columbia/new-westminster/2020-ford-fusion-6378519/
98,2020 Ford Fusion,"$25,500",https://www.carpages.ca//used-cars/british-columbia/new-westminster/2020-ford-fusion-6378513/
99,2020 Ford Fusion,"$24,800",https://www.carpages.ca//used-cars/british-columbia/new-westminster/2020-ford-fusion-6378507/
100,2017 Chevrolet Volt,"$20,989",https://www.carpages.ca//used-cars/quebec/st-basile-le-grand/2017-chevrolet-volt-6397570/
101,2016 Chevrolet Volt,"$19,989",https://www.carpages.ca//used-cars/quebec/st-basile-le-grand/2016-chevrolet-volt-6397567/
102,2017 Hyundai Accent,"$18,995",https://www.carpages.ca//used-cars/quebec/st-constant/2017-hyundai-accent-6397033/
103,2020 Ford Explorer,"$60,449",https://www.carpages.ca//new-cars/manitoba/brandon/2020-ford-explorer-6397027/
104,2019 Ford Fusion,"$21,998",https://www.carpages.ca//used-cars/saskatchewan/regina/2019-ford-fusion-6396796/
105,2020 Ford Fusion,"$39,553",https://www.carpages.ca//new-cars/ontario/mississauga/2020-ford-fusion-6396721/
106,2019 Ford Fusion,"$41,565",https://www.carpages.ca//new-cars/ontario/mississauga/2019-ford-fusion-6396718/
107,2017 Ford Focus,"$17,991",https://www.carpages.ca//used-cars/quebec/victoriaville/2017-ford-focus-6396334/
108,2014 Toyota Camry,"$13,300",https://www.carpages.ca//used-cars/ontario/kitchener/2014-toyota-camry-6395782/
109,2017 Ford Fusion,"$19,950",https://www.carpages.ca//used-cars/ontario/kitchener/2017-ford-fusion-6394360/
110,2017 Ford Fusion,"$19,950",https://www.carpages.ca//used-cars/ontario/kitchener/2017-ford-fusion-6394354/
111,2015 Toyota Prius,"$18,750",https://www.carpages.ca//used-cars/ontario/kitchener/2015-toyota-prius-6394351/
112,2019 Ford Fusion Hybrid,"$23,992",https://www.carpages.ca//used-cars/ontario/london/2019-ford-fusion-hybrid-6394252/
113,2016 Toyota Highlander Hybrid,"$23,999",https://www.carpages.ca//used-cars/ontario/bolton/2016-toyota-highlander-hybrid-6394120/
114,2019 Toyota Highlander,"$47,999",https://www.carpages.ca//used-cars/ontario/renfrew/2019-toyota-highlander-6393154/
115,2021 Toyota Highlander,"$58,535",https://www.carpages.ca//new-cars/ontario/cobourg/2021-toyota-highlander-6392638/
116,2019 Tesla Model 3,"$54,888",https://www.carpages.ca//used-cars/british-columbia/mission/2019-tesla-model-3-6391933/
117,2021 Jeep Wrangler,"$58,136",https://www.carpages.ca//new-cars/saskatchewan/regina/2021-jeep-wrangler-6391825/
118,2018 Mitsubishi Outlander,"$30,000",https://www.carpages.ca//used-cars/british-columbia/port-moody/2018-mitsubishi-outlander-6391747/
119,2014 Toyota Camry,"$17,998",https://www.carpages.ca//used-cars/british-columbia/courtenay/2014-toyota-camry-6391216/
120,2008 Toyota Highlander Hybrid,"$10,495",https://www.carpages.ca//used-cars/ontario/komoka/2008-toyota-highlander-hybrid-6389834/
121,2019 Ford Fusion Hybrid,"$18,880",https://www.carpages.ca//used-cars/ontario/north-york/2019-ford-fusion-hybrid-6388112/
122,2019 Ford Fusion Hybrid,"$18,880",https://www.carpages.ca//used-cars/ontario/north-york/2019-ford-fusion-hybrid-6388100/
123,2019 Ford Fusion,"$16,900",https://www.carpages.ca//used-cars/ontario/waterloo/2019-ford-fusion-6388001/
124,2020 Hyundai Ioniq Hybrid,"$32,955",https://www.carpages.ca//new-cars/ontario/mississauga/2020-hyundai-ioniq-hybrid-6387914/
125,2019 RAM 1500,"$57,444",https://www.carpages.ca//used-cars/nova-scotia/kentville/2019-ram-1500-6387758/
126,2020 Nissan Leaf,"$38,995",https://www.carpages.ca//used-cars/quebec/chateauguay/2020-nissan-leaf-6386726/
127,2017 Smart fortwo,"$16,990",https://www.carpages.ca//used-cars/ontario/london/2017-smart-fortwo-6385842/
128,2016 Hyundai Sonata Plug In Hybrid,"$17,994",https://www.carpages.ca//used-cars/ontario/windsor/2016-hyundai-sonata-plug-in-hybrid-6385386/
129,2021 Jeep Wrangler,"$58,891",https://www.carpages.ca//new-cars/british-columbia/abbotsford/2021-jeep-wrangler-6385116/
130,2021 Toyota RAV4,"$39,340",https://www.carpages.ca//new-cars/ontario/hamilton/2021-toyota-rav4-6384834/
131,2021 Ford F-150,"$61,684",https://www.carpages.ca//new-cars/ontario/ottawa/2021-ford-f-150-6384636/
132,2021 Hyundai KONA,"$48,624",https://www.carpages.ca//new-cars/british-columbia/abbotsford/2021-hyundai-kona-6383781/
133,2021 Ford Mustang,"$64,245",https://www.carpages.ca//new-cars/manitoba/selkirk/2021-ford-mustang-6383208/
134,2021 Chrysler Pacifica,"$57,730",https://www.carpages.ca//new-cars/saskatchewan/saskatoon/2021-chrysler-pacifica-6382917/
135,2020 Honda Accord,"$36,375",https://www.carpages.ca//new-cars/british-columbia/port-moody/2020-honda-accord-6382401/
136,2020 Honda Accord,"$43,075",https://www.carpages.ca//new-cars/british-columbia/port-moody/2020-honda-accord-6382371/
137,2021 Hyundai KONA,"$49,589",https://www.carpages.ca//new-cars/ontario/kanata/2021-hyundai-kona-6382080/
138,2021 Hyundai KONA,"$49,139",https://www.carpages.ca//new-cars/ontario/kanata/2021-hyundai-kona-6382077/
139,2021 Hyundai KONA,"$49,589",https://www.carpages.ca//new-cars/ontario/kanata/2021-hyundai-kona-6382074/
140,2021 Hyundai KONA,"$56,139",https://www.carpages.ca//new-cars/ontario/kanata/2021-hyundai-kona-6382068/
141,2021 Toyota Highlander,"$47,925",https://www.carpages.ca//new-cars/ontario/whitby/2021-toyota-highlander-6381423/
142,2016 Toyota Camry,"$18,880",https://www.carpages.ca//used-cars/ontario/kitchener/2016-toyota-camry-6380792/
143,2021 Kia Soul EV,"$53,890",https://www.carpages.ca//new-cars/british-columbia/vancouver/2021-kia-soul-ev-6380168/
144,2019 Chevrolet Volt,"$36,525",https://www.carpages.ca//used-cars/british-columbia/north-vancouver/2019-chevrolet-volt-6378768/
145,2019 Hyundai IONIQ,"$26,500",https://www.carpages.ca//used-cars/british-columbia/surrey/2019-hyundai-ioniq-6378537/
146,2020 Ford Fusion,"$25,500",https://www.carpages.ca//used-cars/british-columbia/new-westminster/2020-ford-fusion-6378525/
147,2020 Ford Fusion,"$24,800",https://www.carpages.ca//used-cars/british-columbia/new-westminster/2020-ford-fusion-6378519/
148,2020 Ford Fusion,"$25,500",https://www.carpages.ca//used-cars/british-columbia/new-westminster/2020-ford-fusion-6378513/
149,2020 Ford Fusion,"$24,800",https://www.carpages.ca//used-cars/british-columbia/new-westminster/2020-ford-fusion-6378507/
150,2017 Chevrolet Volt,"$20,989",https://www.carpages.ca//used-cars/quebec/st-basile-le-grand/2017-chevrolet-volt-6397570/
151,2016 Chevrolet Volt,"$19,989",https://www.carpages.ca//used-cars/quebec/st-basile-le-grand/2016-chevrolet-volt-6397567/
152,2017 Hyundai Accent,"$18,995",https://www.carpages.ca//used-cars/quebec/st-constant/2017-hyundai-accent-6397033/
153,2020 Ford Explorer,"$60,449",https://www.carpages.ca//new-cars/manitoba/brandon/2020-ford-explorer-6397027/
154,2019 Ford Fusion,"$21,998",https://www.carpages.ca//used-cars/saskatchewan/regina/2019-ford-fusion-6396796/
155,2020 Ford Fusion,"$39,553",https://www.carpages.ca//new-cars/ontario/mississauga/2020-ford-fusion-6396721/
156,2019 Ford Fusion,"$41,565",https://www.carpages.ca//new-cars/ontario/mississauga/2019-ford-fusion-6396718/
157,2017 Ford Focus,"$17,991",https://www.carpages.ca//used-cars/quebec/victoriaville/2017-ford-focus-6396334/
158,2014 Toyota Camry,"$13,300",https://www.carpages.ca//used-cars/ontario/kitchener/2014-toyota-camry-6395782/
159,2017 Ford Fusion,"$19,950",https://www.carpages.ca//used-cars/ontario/kitchener/2017-ford-fusion-6394360/
160,2017 Ford Fusion,"$19,950",https://www.carpages.ca//used-cars/ontario/kitchener/2017-ford-fusion-6394354/
161,2015 Toyota Prius,"$18,750",https://www.carpages.ca//used-cars/ontario/kitchener/2015-toyota-prius-6394351/
162,2019 Ford Fusion Hybrid,"$23,992",https://www.carpages.ca//used-cars/ontario/london/2019-ford-fusion-hybrid-6394252/
163,2016 Toyota Highlander Hybrid,"$23,999",https://www.carpages.ca//used-cars/ontario/bolton/2016-toyota-highlander-hybrid-6394120/
164,2019 Toyota Highlander,"$47,999",https://www.carpages.ca//used-cars/ontario/renfrew/2019-toyota-highlander-6393154/
165,2021 Toyota Highlander,"$58,535",https://www.carpages.ca//new-cars/ontario/cobourg/2021-toyota-highlander-6392638/
166,2019 Tesla Model 3,"$54,888",https://www.carpages.ca//used-cars/british-columbia/mission/2019-tesla-model-3-6391933/
167,2021 Jeep Wrangler,"$58,136",https://www.carpages.ca//new-cars/saskatchewan/regina/2021-jeep-wrangler-6391825/
168,2018 Mitsubishi Outlander,"$30,000",https://www.carpages.ca//used-cars/british-columbia/port-moody/2018-mitsubishi-outlander-6391747/
169,2014 Toyota Camry,"$17,998",https://www.carpages.ca//used-cars/british-columbia/courtenay/2014-toyota-camry-6391216/
170,2008 Toyota Highlander Hybrid,"$10,495",https://www.carpages.ca//used-cars/ontario/komoka/2008-toyota-highlander-hybrid-6389834/
171,2019 Ford Fusion Hybrid,"$18,880",https://www.carpages.ca//used-cars/ontario/north-york/2019-ford-fusion-hybrid-6388112/
172,2019 Ford Fusion Hybrid,"$18,880",https://www.carpages.ca//used-cars/ontario/north-york/2019-ford-fusion-hybrid-6388100/
173,2019 Ford Fusion,"$16,900",https://www.carpages.ca//used-cars/ontario/waterloo/2019-ford-fusion-6388001/
174,2020 Hyundai Ioniq Hybrid,"$32,955",https://www.carpages.ca//new-cars/ontario/mississauga/2020-hyundai-ioniq-hybrid-6387914/
175,2019 RAM 1500,"$57,444",https://www.carpages.ca//used-cars/nova-scotia/kentville/2019-ram-1500-6387758/
176,2020 Nissan Leaf,"$38,995",https://www.carpages.ca//used-cars/quebec/chateauguay/2020-nissan-leaf-6386726/
177,2017 Smart fortwo,"$16,990",https://www.carpages.ca//used-cars/ontario/london/2017-smart-fortwo-6385842/
178,2016 Hyundai Sonata Plug In Hybrid,"$17,994",https://www.carpages.ca//used-cars/ontario/windsor/2016-hyundai-sonata-plug-in-hybrid-6385386/
179,2021 Jeep Wrangler,"$58,891",https://www.carpages.ca//new-cars/british-columbia/abbotsford/2021-jeep-wrangler-6385116/
180,2021 Toyota RAV4,"$39,340",https://www.carpages.ca//new-cars/ontario/hamilton/2021-toyota-rav4-6384834/
181,2021 Ford F-150,"$61,684",https://www.carpages.ca//new-cars/ontario/ottawa/2021-ford-f-150-6384636/
182,2021 Hyundai KONA,"$48,624",https://www.carpages.ca//new-cars/british-columbia/abbotsford/2021-hyundai-kona-6383781/
183,2021 Ford Mustang,"$64,245",https://www.carpages.ca//new-cars/manitoba/selkirk/2021-ford-mustang-6383208/
184,2021 Chrysler Pacifica,"$57,730",https://www.carpages.ca//new-cars/saskatchewan/saskatoon/2021-chrysler-pacifica-6382917/
185,2020 Honda Accord,"$36,375",https://www.carpages.ca//new-cars/british-columbia/port-moody/2020-honda-accord-6382401/
186,2020 Honda Accord,"$43,075",https://www.carpages.ca//new-cars/british-columbia/port-moody/2020-honda-accord-6382371/
187,2021 Hyundai KONA,"$49,589",https://www.carpages.ca//new-cars/ontario/kanata/2021-hyundai-kona-6382080/
188,2021 Hyundai KONA,"$49,139",https://www.carpages.ca//new-cars/ontario/kanata/2021-hyundai-kona-6382077/
189,2021 Hyundai KONA,"$49,589",https://www.carpages.ca//new-cars/ontario/kanata/2021-hyundai-kona-6382074/
190,2021 Hyundai KONA,"$56,139",https://www.carpages.ca//new-cars/ontario/kanata/2021-hyundai-kona-6382068/
191,2021 Toyota Highlander,"$47,925",https://www.carpages.ca//new-cars/ontario/whitby/2021-toyota-highlander-6381423/
192,2016 Toyota Camry,"$18,880",https://www.carpages.ca//used-cars/ontario/kitchener/2016-toyota-camry-6380792/
193,2021 Kia Soul EV,"$53,890",https://www.carpages.ca//new-cars/british-columbia/vancouver/2021-kia-soul-ev-6380168/
194,2019 Chevrolet Volt,"$36,525",https://www.carpages.ca//used-cars/british-columbia/north-vancouver/2019-chevrolet-volt-6378768/
195,2019 Hyundai IONIQ,"$26,500",https://www.carpages.ca//used-cars/british-columbia/surrey/2019-hyundai-ioniq-6378537/
196,2020 Ford Fusion,"$25,500",https://www.carpages.ca//used-cars/british-columbia/new-westminster/2020-ford-fusion-6378525/
197,2020 Ford Fusion,"$24,800",https://www.carpages.ca//used-cars/british-columbia/new-westminster/2020-ford-fusion-6378519/
198,2020 Ford Fusion,"$25,500",https://www.carpages.ca//used-cars/british-columbia/new-westminster/2020-ford-fusion-6378513/
199,2020 Ford Fusion,"$24,800",https://www.carpages.ca//used-cars/british-columbia/new-westminster/2020-ford-fusion-6378507/
200,2017 Chevrolet Volt,"$20,989",https://www.carpages.ca//used-cars/quebec/st-basile-le-grand/2017-chevrolet-volt-6397570/
201,2016 Chevrolet Volt,"$19,989",https://www.carpages.ca//used-cars/quebec/st-basile-le-grand/2016-chevrolet-volt-6397567/
202,2017 Hyundai Accent,"$18,995",https://www.carpages.ca//used-cars/quebec/st-constant/2017-hyundai-accent-6397033/
203,2020 Ford Explorer,"$60,449",https://www.carpages.ca//new-cars/manitoba/brandon/2020-ford-explorer-6397027/
204,2019 Ford Fusion,"$21,998",https://www.carpages.ca//used-cars/saskatchewan/regina/2019-ford-fusion-6396796/
205,2020 Ford Fusion,"$39,553",https://www.carpages.ca//new-cars/ontario/mississauga/2020-ford-fusion-6396721/
206,2019 Ford Fusion,"$41,565",https://www.carpages.ca//new-cars/ontario/mississauga/2019-ford-fusion-6396718/
207,2017 Ford Focus,"$17,991",https://www.carpages.ca//used-cars/quebec/victoriaville/2017-ford-focus-6396334/
208,2014 Toyota Camry,"$13,300",https://www.carpages.ca//used-cars/ontario/kitchener/2014-toyota-camry-6395782/
209,2017 Ford Fusion,"$19,950",https://www.carpages.ca//used-cars/ontario/kitchener/2017-ford-fusion-6394360/
210,2017 Ford Fusion,"$19,950",https://www.carpages.ca//used-cars/ontario/kitchener/2017-ford-fusion-6394354/
211,2015 Toyota Prius,"$18,750",https://www.carpages.ca//used-cars/ontario/kitchener/2015-toyota-prius-6394351/
212,2019 Ford Fusion Hybrid,"$23,992",https://www.carpages.ca//used-cars/ontario/london/2019-ford-fusion-hybrid-6394252/
213,2016 Toyota Highlander Hybrid,"$23,999",https://www.carpages.ca//used-cars/ontario/bolton/2016-toyota-highlander-hybrid-6394120/
214,2019 Toyota Highlander,"$47,999",https://www.carpages.ca//used-cars/ontario/renfrew/2019-toyota-highlander-6393154/
215,2021 Toyota Highlander,"$58,535",https://www.carpages.ca//new-cars/ontario/cobourg/2021-toyota-highlander-6392638/
216,2019 Tesla Model 3,"$54,888",https://www.carpages.ca//used-cars/british-columbia/mission/2019-tesla-model-3-6391933/
217,2021 Jeep Wrangler,"$58,136",https://www.carpages.ca//new-cars/saskatchewan/regina/2021-jeep-wrangler-6391825/
218,2018 Mitsubishi Outlander,"$30,000",https://www.carpages.ca//used-cars/british-columbia/port-moody/2018-mitsubishi-outlander-6391747/
219,2014 Toyota Camry,"$17,998",https://www.carpages.ca//used-cars/british-columbia/courtenay/2014-toyota-camry-6391216/
220,2008 Toyota Highlander Hybrid,"$10,495",https://www.carpages.ca//used-cars/ontario/komoka/2008-toyota-highlander-hybrid-6389834/
221,2019 Ford Fusion Hybrid,"$18,880",https://www.carpages.ca//used-cars/ontario/north-york/2019-ford-fusion-hybrid-6388112/
222,2019 Ford Fusion Hybrid,"$18,880",https://www.carpages.ca//used-cars/ontario/north-york/2019-ford-fusion-hybrid-6388100/
223,2019 Ford Fusion,"$16,900",https://www.carpages.ca//used-cars/ontario/waterloo/2019-ford-fusion-6388001/
224,2020 Hyundai Ioniq Hybrid,"$32,955",https://www.carpages.ca//new-cars/ontario/mississauga/2020-hyundai-ioniq-hybrid-6387914/
225,2019 RAM 1500,"$57,444",https://www.carpages.ca//used-cars/nova-scotia/kentville/2019-ram-1500-6387758/
226,2020 Nissan Leaf,"$38,995",https://www.carpages.ca//used-cars/quebec/chateauguay/2020-nissan-leaf-6386726/
227,2017 Smart fortwo,"$16,990",https://www.carpages.ca//used-cars/ontario/london/2017-smart-fortwo-6385842/
228,2016 Hyundai Sonata Plug In Hybrid,"$17,994",https://www.carpages.ca//used-cars/ontario/windsor/2016-hyundai-sonata-plug-in-hybrid-6385386/
229,2021 Jeep Wrangler,"$58,891",https://www.carpages.ca//new-cars/british-columbia/abbotsford/2021-jeep-wrangler-6385116/
230,2021 Toyota RAV4,"$39,340",https://www.carpages.ca//new-cars/ontario/hamilton/2021-toyota-rav4-6384834/
231,2021 Ford F-150,"$61,684",https://www.carpages.ca//new-cars/ontario/ottawa/2021-ford-f-150-6384636/
232,2021 Hyundai KONA,"$48,624",https://www.carpages.ca//new-cars/british-columbia/abbotsford/2021-hyundai-kona-6383781/
233,2021 Ford Mustang,"$64,245",https://www.carpages.ca//new-cars/manitoba/selkirk/2021-ford-mustang-6383208/
234,2021 Chrysler Pacifica,"$57,730",https://www.carpages.ca//new-cars/saskatchewan/saskatoon/2021-chrysler-pacifica-6382917/
235,2020 Honda Accord,"$36,375",https://www.carpages.ca//new-cars/british-columbia/port-moody/2020-honda-accord-6382401/
236,2020 Honda Accord,"$43,075",https://www.carpages.ca//new-cars/british-columbia/port-moody/2020-honda-accord-6382371/
237,2021 Hyundai KONA,"$49,589",https://www.carpages.ca//new-cars/ontario/kanata/2021-hyundai-kona-6382080/
238,2021 Hyundai KONA,"$49,139",https://www.carpages.ca//new-cars/ontario/kanata/2021-hyundai-kona-6382077/
239,2021 Hyundai KONA,"$49,589",https://www.carpages.ca//new-cars/ontario/kanata/2021-hyundai-kona-6382074/
240,2021 Hyundai KONA,"$56,139",https://www.carpages.ca//new-cars/ontario/kanata/2021-hyundai-kona-6382068/
241,2021 Toyota Highlander,"$47,925",https://www.carpages.ca//new-cars/ontario/whitby/2021-toyota-highlander-6381423/
242,2016 Toyota Camry,"$18,880",https://www.carpages.ca//used-cars/ontario/kitchener/2016-toyota-camry-6380792/
243,2021 Kia Soul EV,"$53,890",https://www.carpages.ca//new-cars/british-columbia/vancouver/2021-kia-soul-ev-6380168/
244,2019 Chevrolet Volt,"$36,525",https://www.carpages.ca//used-cars/british-columbia/north-vancouver/2019-chevrolet-volt-6378768/
245,2019 Hyundai IONIQ,"$26,500",https://www.carpages.ca//used-cars/british-columbia/surrey/2019-hyundai-ioniq-6378537/
246,2020 Ford Fusion,"$25,500",https://www.carpages.ca//used-cars/british-columbia/new-westminster/2020-ford-fusion-6378525/
247,2020 Ford Fusion,"$24,800",https://www.carpages.ca//used-cars/british-columbia/new-westminster/2020-ford-fusion-6378519/
248,2020 Ford Fusion,"$25,500",https://www.carpages.ca//used-cars/british-columbia/new-westminster/2020-ford-fusion-6378513/
249,2020 Ford Fusion,"$24,800",https://www.carpages.ca//used-cars/british-columbia/new-westminster/2020-ford-fusion-6378507/
250,2017 Chevrolet Volt,"$20,989",https://www.carpages.ca//used-cars/quebec/st-basile-le-grand/2017-chevrolet-volt-6397570/
251,2016 Chevrolet Volt,"$19,989",https://www.carpages.ca//used-cars/quebec/st-basile-le-grand/2016-chevrolet-volt-6397567/
252,2017 Hyundai Accent,"$18,995",https://www.carpages.ca//used-cars/quebec/st-constant/2017-hyundai-accent-6397033/
253,2020 Ford Explorer,"$60,449",https://www.carpages.ca//new-cars/manitoba/brandon/2020-ford-explorer-6397027/
254,2019 Ford Fusion,"$21,998",https://www.carpages.ca//used-cars/saskatchewan/regina/2019-ford-fusion-6396796/
255,2020 Ford Fusion,"$39,553",https://www.carpages.ca//new-cars/ontario/mississauga/2020-ford-fusion-6396721/
256,2019 Ford Fusion,"$41,565",https://www.carpages.ca//new-cars/ontario/mississauga/2019-ford-fusion-6396718/
257,2017 Ford Focus,"$17,991",https://www.carpages.ca//used-cars/quebec/victoriaville/2017-ford-focus-6396334/
258,2014 Toyota Camry,"$13,300",https://www.carpages.ca//used-cars/ontario/kitchener/2014-toyota-camry-6395782/
259,2017 Ford Fusion,"$19,950",https://www.carpages.ca//used-cars/ontario/kitchener/2017-ford-fusion-6394360/
260,2017 Ford Fusion,"$19,950",https://www.carpages.ca//used-cars/ontario/kitchener/2017-ford-fusion-6394354/
261,2015 Toyota Prius,"$18,750",https://www.carpages.ca//used-cars/ontario/kitchener/2015-toyota-prius-6394351/
262,2019 Ford Fusion Hybrid,"$23,992",https://www.carpages.ca//used-cars/ontario/london/2019-ford-fusion-hybrid-6394252/
263,2016 Toyota Highlander Hybrid,"$23,999",https://www.carpages.ca//used-cars/ontario/bolton/2016-toyota-highlander-hybrid-6394120/
264,2019 Toyota Highlander,"$47,999",https://www.carpages.ca//used-cars/ontario/renfrew/2019-toyota-highlander-6393154/
265,2021 Toyota Highlander,"$58,535",https://www.carpages.ca//new-cars/ontario/cobourg/2021-toyota-highlander-6392638/
266,2019 Tesla Model 3,"$54,888",https://www.carpages.ca//used-cars/british-columbia/mission/2019-tesla-model-3-6391933/
267,2021 Jeep Wrangler,"$58,136",https://www.carpages.ca//new-cars/saskatchewan/regina/2021-jeep-wrangler-6391825/
268,2018 Mitsubishi Outlander,"$30,000",https://www.carpages.ca//used-cars/british-columbia/port-moody/2018-mitsubishi-outlander-6391747/
269,2014 Toyota Camry,"$17,998",https://www.carpages.ca//used-cars/british-columbia/courtenay/2014-toyota-camry-6391216/
270,2008 Toyota Highlander Hybrid,"$10,495",https://www.carpages.ca//used-cars/ontario/komoka/2008-toyota-highlander-hybrid-6389834/
271,2019 Ford Fusion Hybrid,"$18,880",https://www.carpages.ca//used-cars/ontario/north-york/2019-ford-fusion-hybrid-6388112/
272,2019 Ford Fusion Hybrid,"$18,880",https://www.carpages.ca//used-cars/ontario/north-york/2019-ford-fusion-hybrid-6388100/
273,2019 Ford Fusion,"$16,900",https://www.carpages.ca//used-cars/ontario/waterloo/2019-ford-fusion-6388001/
274,2020 Hyundai Ioniq Hybrid,"$32,955",https://www.carpages.ca//new-cars/ontario/mississauga/2020-hyundai-ioniq-hybrid-6387914/
275,2019 RAM 1500,"$57,444",https://www.carpages.ca//used-cars/nova-scotia/kentville/2019-ram-1500-6387758/
276,2020 Nissan Leaf,"$38,995",https://www.carpages.ca//used-cars/quebec/chateauguay/2020-nissan-leaf-6386726/
277,2017 Smart fortwo,"$16,990",https://www.carpages.ca//used-cars/ontario/london/2017-smart-fortwo-6385842/
278,2016 Hyundai Sonata Plug In Hybrid,"$17,994",https://www.carpages.ca//used-cars/ontario/windsor/2016-hyundai-sonata-plug-in-hybrid-6385386/
279,2021 Jeep Wrangler,"$58,891",https://www.carpages.ca//new-cars/british-columbia/abbotsford/2021-jeep-wrangler-6385116/
280,2021 Toyota RAV4,"$39,340",https://www.carpages.ca//new-cars/ontario/hamilton/2021-toyota-rav4-6384834/
281,2021 Ford F-150,"$61,684",https://www.carpages.ca//new-cars/ontario/ottawa/2021-ford-f-150-6384636/
282,2021 Hyundai KONA,"$48,624",https://www.carpages.ca//new-cars/british-columbia/abbotsford/2021-hyundai-kona-6383781/
283,2021 Ford Mustang,"$64,245",https://www.carpages.ca//new-cars/manitoba/selkirk/2021-ford-mustang-6383208/
284,2021 Chrysler Pacifica,"$57,730",https://www.carpages.ca//new-cars/saskatchewan/saskatoon/2021-chrysler-pacifica-6382917/
285,2020 Honda Accord,"$36,375",https://www.carpages.ca//new-cars/british-columbia/port-moody/2020-honda-accord-6382401/
286,2020 Honda Accord,"$43,075",https://www.carpages.ca//new-cars/british-columbia/port-moody/2020-honda-accord-6382371/
287,2021 Hyundai KONA,"$49,589",https://www.carpages.ca//new-cars/ontario/kanata/2021-hyundai-kona-6382080/
288,2021 Hyundai KONA,"$49,139",https://www.carpages.ca//new-cars/ontario/kanata/2021-hyundai-kona-6382077/
289,2021 Hyundai KONA,"$49,589",https://www.carpages.ca//new-cars/ontario/kanata/2021-hyundai-kona-6382074/
290,2021 Hyundai KONA,"$56,139",https://www.carpages.ca//new-cars/ontario/kanata/2021-hyundai-kona-6382068/
291,2021 Toyota Highlander,"$47,925",https://www.carpages.ca//new-cars/ontario/whitby/2021-toyota-highlander-6381423/
292,2016 Toyota Camry,"$18,880",https://www.carpages.ca//used-cars/ontario/kitchener/2016-toyota-camry-6380792/
293,2021 Kia Soul EV,"$53,890",https://www.carpages.ca//new-cars/british-columbia/vancouver/2021-kia-soul-ev-6380168/
294,2019 Chevrolet Volt,"$36,525",https://www.carpages.ca//used-cars/british-columbia/north-vancouver/2019-chevrolet-volt-6378768/
295,2019 Hyundai IONIQ,"$26,500",https://www.carpages.ca//used-cars/british-columbia/surrey/2019-hyundai-ioniq-6378537/
296,2020 Ford Fusion,"$25,500",https://www.carpages.ca//used-cars/british-columbia/new-westminster/2020-ford-fusion-6378525/
297,2020 Ford Fusion,"$24,800",https://www.carpages.ca//used-cars/british-columbia/new-westminster/2020-ford-fusion-6378519/
298,2020 Ford Fusion,"$25,500",https://www.carpages.ca//used-cars/british-columbia/new-westminster/2020-ford-fusion-6378513/
299,2020 Ford Fusion,"$24,800",https://www.carpages.ca//used-cars/british-columbia/new-westminster/2020-ford-fusion-6378507/
300,2017 Chevrolet Volt,"$20,989",https://www.carpages.ca//used-cars/quebec/st-basile-le-grand/2017-chevrolet-volt-6397570/
301,2016 Chevrolet Volt,"$19,989",https://www.carpages.ca//used-cars/quebec/st-basile-le-grand/2016-chevrolet-volt-6397567/
302,2017 Hyundai Accent,"$18,995",https://www.carpages.ca//used-cars/quebec/st-constant/2017-hyundai-accent-6397033/
303,2020 Ford Explorer,"$60,449",https://www.carpages.ca//new-cars/manitoba/brandon/2020-ford-explorer-6397027/
304,2019 Ford Fusion,"$21,998",https://www.carpages.ca//used-cars/saskatchewan/regina/2019-ford-fusion-6396796/
305,2020 Ford Fusion,"$39,553",https://www.carpages.ca//new-cars/ontario/mississauga/2020-ford-fusion-6396721/
306,2019 Ford Fusion,"$41,565",https://www.carpages.ca//new-cars/ontario/mississauga/2019-ford-fusion-6396718/
307,2017 Ford Focus,"$17,991",https://www.carpages.ca//used-cars/quebec/victoriaville/2017-ford-focus-6396334/
308,2014 Toyota Camry,"$13,300",https://www.carpages.ca//used-cars/ontario/kitchener/2014-toyota-camry-6395782/
309,2017 Ford Fusion,"$19,950",https://www.carpages.ca//used-cars/ontario/kitchener/2017-ford-fusion-6394360/
310,2017 Ford Fusion,"$19,950",https://www.carpages.ca//used-cars/ontario/kitchener/2017-ford-fusion-6394354/
311,2015 Toyota Prius,"$18,750",https://www.carpages.ca//used-cars/ontario/kitchener/2015-toyota-prius-6394351/
312,2019 Ford Fusion Hybrid,"$23,992",https://www.carpages.ca//used-cars/ontario/london/2019-ford-fusion-hybrid-6394252/
313,2016 Toyota Highlander Hybrid,"$23,999",https://www.carpages.ca//used-cars/ontario/bolton/2016-toyota-highlander-hybrid-6394120/
314,2019 Toyota Highlander,"$47,999",https://www.carpages.ca//used-cars/ontario/renfrew/2019-toyota-highlander-6393154/
315,2021 Toyota Highlander,"$58,535",https://www.carpages.ca//new-cars/ontario/cobourg/2021-toyota-highlander-6392638/
316,2019 Tesla Model 3,"$54,888",https://www.carpages.ca//used-cars/british-columbia/mission/2019-tesla-model-3-6391933/
317,2021 Jeep Wrangler,"$58,136",https://www.carpages.ca//new-cars/saskatchewan/regina/2021-jeep-wrangler-6391825/
318,2018 Mitsubishi Outlander,"$30,000",https://www.carpages.ca//used-cars/british-columbia/port-moody/2018-mitsubishi-outlander-6391747/
319,2014 Toyota Camry,"$17,998",https://www.carpages.ca//used-cars/british-columbia/courtenay/2014-toyota-camry-6391216/
320,2008 Toyota Highlander Hybrid,"$10,495",https://www.carpages.ca//used-cars/ontario/komoka/2008-toyota-highlander-hybrid-6389834/
321,2019 Ford Fusion Hybrid,"$18,880",https://www.carpages.ca//used-cars/ontario/north-york/2019-ford-fusion-hybrid-6388112/
322,2019 Ford Fusion Hybrid,"$18,880",https://www.carpages.ca//used-cars/ontario/north-york/2019-ford-fusion-hybrid-6388100/
323,2019 Ford Fusion,"$16,900",https://www.carpages.ca//used-cars/ontario/waterloo/2019-ford-fusion-6388001/
324,2020 Hyundai Ioniq Hybrid,"$32,955",https://www.carpages.ca//new-cars/ontario/mississauga/2020-hyundai-ioniq-hybrid-6387914/
325,2019 RAM 1500,"$57,444",https://www.carpages.ca//used-cars/nova-scotia/kentville/2019-ram-1500-6387758/
326,2020 Nissan Leaf,"$38,995",https://www.carpages.ca//used-cars/quebec/chateauguay/2020-nissan-leaf-6386726/
327,2017 Smart fortwo,"$16,990",https://www.carpages.ca//used-cars/ontario/london/2017-smart-fortwo-6385842/
328,2016 Hyundai Sonata Plug In Hybrid,"$17,994",https://www.carpages.ca//used-cars/ontario/windsor/2016-hyundai-sonata-plug-in-hybrid-6385386/
329,2021 Jeep Wrangler,"$58,891",https://www.carpages.ca//new-cars/british-columbia/abbotsford/2021-jeep-wrangler-6385116/
330,2021 Toyota RAV4,"$39,340",https://www.carpages.ca//new-cars/ontario/hamilton/2021-toyota-rav4-6384834/
331,2021 Ford F-150,"$61,684",https://www.carpages.ca//new-cars/ontario/ottawa/2021-ford-f-150-6384636/
332,2021 Hyundai KONA,"$48,624",https://www.carpages.ca//new-cars/british-columbia/abbotsford/2021-hyundai-kona-6383781/
333,2021 Ford Mustang,"$64,245",https://www.carpages.ca//new-cars/manitoba/selkirk/2021-ford-mustang-6383208/
334,2021 Chrysler Pacifica,"$57,730",https://www.carpages.ca//new-cars/saskatchewan/saskatoon/2021-chrysler-pacifica-6382917/
335,2020 Honda Accord,"$36,375",https://www.carpages.ca//new-cars/british-columbia/port-moody/2020-honda-accord-6382401/
336,2020 Honda Accord,"$43,075",https://www.carpages.ca//new-cars/british-columbia/port-moody/2020-honda-accord-6382371/
337,2021 Hyundai KONA,"$49,589",https://www.carpages.ca//new-cars/ontario/kanata/2021-hyundai-kona-6382080/
338,2021 Hyundai KONA,"$49,139",https://www.carpages.ca//new-cars/ontario/kanata/2021-hyundai-kona-6382077/
339,2021 Hyundai KONA,"$49,589",https://www.carpages.ca//new-cars/ontario/kanata/2021-hyundai-kona-6382074/
340,2021 Hyundai KONA,"$56,139",https://www.carpages.ca//new-cars/ontario/kanata/2021-hyundai-kona-6382068/
341,2021 Toyota Highlander,"$47,925",https://www.carpages.ca//new-cars/ontario/whitby/2021-toyota-highlander-6381423/
342,2016 Toyota Camry,"$18,880",https://www.carpages.ca//used-cars/ontario/kitchener/2016-toyota-camry-6380792/
343,2021 Kia Soul EV,"$53,890",https://www.carpages.ca//new-cars/british-columbia/vancouver/2021-kia-soul-ev-6380168/
344,2019 Chevrolet Volt,"$36,525",https://www.carpages.ca//used-cars/british-columbia/north-vancouver/2019-chevrolet-volt-6378768/
345,2019 Hyundai IONIQ,"$26,500",https://www.carpages.ca//used-cars/british-columbia/surrey/2019-hyundai-ioniq-6378537/
346,2020 Ford Fusion,"$25,500",https://www.carpages.ca//used-cars/british-columbia/new-westminster/2020-ford-fusion-6378525/
347,2020 Ford Fusion,"$24,800",https://www.carpages.ca//used-cars/british-columbia/new-westminster/2020-ford-fusion-6378519/
348,2020 Ford Fusion,"$25,500",https://www.carpages.ca//used-cars/british-columbia/new-westminster/2020-ford-fusion-6378513/
349,2020 Ford Fusion,"$24,800",https://www.carpages.ca//used-cars/british-columbia/new-westminster/2020-ford-fusion-6378507/
350,2017 Chevrolet Volt,"$20,989",https://www.carpages.ca//used-cars/quebec/st-basile-le-grand/2017-chevrolet-volt-6397570/
351,2016 Chevrolet Volt,"$19,989",https://www.carpages.ca//used-cars/quebec/st-basile-le-grand/2016-chevrolet-volt-6397567/
352,2017 Hyundai Accent,"$18,995",https://www.carpages.ca//used-cars/quebec/st-constant/2017-hyundai-accent-6397033/
353,2020 Ford Explorer,"$60,449",https://www.carpages.ca//new-cars/manitoba/brandon/2020-ford-explorer-6397027/
354,2019 Ford Fusion,"$21,998",https://www.carpages.ca//used-cars/saskatchewan/regina/2019-ford-fusion-6396796/
355,2020 Ford Fusion,"$39,553",https://www.carpages.ca//new-cars/ontario/mississauga/2020-ford-fusion-6396721/
356,2019 Ford Fusion,"$41,565",https://www.carpages.ca//new-cars/ontario/mississauga/2019-ford-fusion-6396718/
357,2017 Ford Focus,"$17,991",https://www.carpages.ca//used-cars/quebec/victoriaville/2017-ford-focus-6396334/
358,2014 Toyota Camry,"$13,300",https://www.carpages.ca//used-cars/ontario/kitchener/2014-toyota-camry-6395782/
359,2017 Ford Fusion,"$19,950",https://www.carpages.ca//used-cars/ontario/kitchener/2017-ford-fusion-6394360/
360,2017 Ford Fusion,"$19,950",https://www.carpages.ca//used-cars/ontario/kitchener/2017-ford-fusion-6394354/
361,2015 Toyota Prius,"$18,750",https://www.carpages.ca//used-cars/ontario/kitchener/2015-toyota-prius-6394351/
362,2019 Ford Fusion Hybrid,"$23,992",https://www.carpages.ca//used-cars/ontario/london/2019-ford-fusion-hybrid-6394252/
363,2016 Toyota Highlander Hybrid,"$23,999",https://www.carpages.ca//used-cars/ontario/bolton/2016-toyota-highlander-hybrid-6394120/
364,2019 Toyota Highlander,"$47,999",https://www.carpages.ca//used-cars/ontario/renfrew/2019-toyota-highlander-6393154/
365,2021 Toyota Highlander,"$58,535",https://www.carpages.ca//new-cars/ontario/cobourg/2021-toyota-highlander-6392638/
366,2019 Tesla Model 3,"$54,888",https://www.carpages.ca//used-cars/british-columbia/mission/2019-tesla-model-3-6391933/
367,2021 Jeep Wrangler,"$58,136",https://www.carpages.ca//new-cars/saskatchewan/regina/2021-jeep-wrangler-6391825/
368,2018 Mitsubishi Outlander,"$30,000",https://www.carpages.ca//used-cars/british-columbia/port-moody/2018-mitsubishi-outlander-6391747/
369,2014 Toyota Camry,"$17,998",https://www.carpages.ca//used-cars/british-columbia/courtenay/2014-toyota-camry-6391216/
370,2008 Toyota Highlander Hybrid,"$10,495",https://www.carpages.ca//used-cars/ontario/komoka/2008-toyota-highlander-hybrid-6389834/
371,2019 Ford Fusion Hybrid,"$18,880",https://www.carpages.ca//used-cars/ontario/north-york/2019-ford-fusion-hybrid-6388112/
372,2019 Ford Fusion Hybrid,"$18,880",https://www.carpages.ca//used-cars/ontario/north-york/2019-ford-fusion-hybrid-6388100/
373,2019 Ford Fusion,"$16,900",https://www.carpages.ca//used-cars/ontario/waterloo/2019-ford-fusion-6388001/
374,2020 Hyundai Ioniq Hybrid,"$32,955",https://www.carpages.ca//new-cars/ontario/mississauga/2020-hyundai-ioniq-hybrid-6387914/
375,2019 RAM 1500,"$57,444",https://www.carpages.ca//used-cars/nova-scotia/kentville/2019-ram-1500-6387758/
376,2020 Nissan Leaf,"$38,995",https://www.carpages.ca//used-cars/quebec/chateauguay/2020-nissan-leaf-6386726/
377,2017 Smart fortwo,"$16,990",https://www.carpages.ca//used-cars/ontario/london/2017-smart-fortwo-6385842/
378,2016 Hyundai Sonata Plug In Hybrid,"$17,994",https://www.carpages.ca//used-cars/ontario/windsor/2016-hyundai-sonata-plug-in-hybrid-6385386/
379,2021 Jeep Wrangler,"$58,891",https://www.carpages.ca//new-cars/british-columbia/abbotsford/2021-jeep-wrangler-6385116/
380,2021 Toyota RAV4,"$39,340",https://www.carpages.ca//new-cars/ontario/hamilton/2021-toyota-rav4-6384834/
381,2021 Ford F-150,"$61,684",https://www.carpages.ca//new-cars/ontario/ottawa/2021-ford-f-150-6384636/
382,2021 Hyundai KONA,"$48,624",https://www.carpages.ca//new-cars/british-columbia/abbotsford/2021-hyundai-kona-6383781/
383,2021 Ford Mustang,"$64,245",https://www.carpages.ca//new-cars/manitoba/selkirk/2021-ford-mustang-6383208/
384,2021 Chrysler Pacifica,"$57,730",https://www.carpages.ca//new-cars/saskatchewan/saskatoon/2021-chrysler-pacifica-6382917/
385,2020 Honda Accord,"$36,375",https://www.carpages.ca//new-cars/british-columbia/port-moody/2020-honda-accord-6382401/
386,2020 Honda Accord,"$43,075",https://www.carpages.ca//new-cars/british-columbia/port-moody/2020-honda-accord-6382371/
387,2021 Hyundai KONA,"$49,589",https://www.carpages.ca//new-cars/ontario/kanata/2021-hyundai-kona-6382080/
388,2021 Hyundai KONA,"$49,139",https://www.carpages.ca//new-cars/ontario/kanata/2021-hyundai-kona-6382077/
389,2021 Hyundai KONA,"$49,589",https://www.carpages.ca//new-cars/ontario/kanata/2021-hyundai-kona-6382074/
390,2021 Hyundai KONA,"$56,139",https://www.carpages.ca//new-cars/ontario/kanata/2021-hyundai-kona-6382068/
391,2021 Toyota Highlander,"$47,925",https://www.carpages.ca//new-cars/ontario/whitby/2021-toyota-highlander-6381423/
392,2016 Toyota Camry,"$18,880",https://www.carpages.ca//used-cars/ontario/kitchener/2016-toyota-camry-6380792/
393,2021 Kia Soul EV,"$53,890",https://www.carpages.ca//new-cars/british-columbia/vancouver/2021-kia-soul-ev-6380168/
394,2019 Chevrolet Volt,"$36,525",https://www.carpages.ca//used-cars/british-columbia/north-vancouver/2019-chevrolet-volt-6378768/
395,2019 Hyundai IONIQ,"$26,500",https://www.carpages.ca//used-cars/british-columbia/surrey/2019-hyundai-ioniq-6378537/
396,2020 Ford Fusion,"$25,500",https://www.carpages.ca//used-cars/british-columbia/new-westminster/2020-ford-fusion-6378525/
397,2020 Ford Fusion,"$24,800",https://www.carpages.ca//used-cars/british-columbia/new-westminster/2020-ford-fusion-6378519/
398,2020 Ford Fusion,"$25,500",https://www.carpages.ca//used-cars/british-columbia/new-westminster/2020-ford-fusion-6378513/
399,2020 Ford Fusion,"$24,800",https://www.carpages.ca//used-cars/british-columbia/new-westminster/2020-ford-fusion-6378507/
400,2017 Chevrolet Volt,"$20,989",https://www.carpages.ca//used-cars/quebec/st-basile-le-grand/2017-chevrolet-volt-6397570/
401,2016 Chevrolet Volt,"$19,989",https://www.carpages.ca//used-cars/quebec/st-basile-le-grand/2016-chevrolet-volt-6397567/
402,2017 Hyundai Accent,"$18,995",https://www.carpages.ca//used-cars/quebec/st-constant/2017-hyundai-accent-6397033/
403,2020 Ford Explorer,"$60,449",https://www.carpages.ca//new-cars/manitoba/brandon/2020-ford-explorer-6397027/
404,2019 Ford Fusion,"$21,998",https://www.carpages.ca//used-cars/saskatchewan/regina/2019-ford-fusion-6396796/
405,2020 Ford Fusion,"$39,553",https://www.carpages.ca//new-cars/ontario/mississauga/2020-ford-fusion-6396721/
406,2019 Ford Fusion,"$41,565",https://www.carpages.ca//new-cars/ontario/mississauga/2019-ford-fusion-6396718/
407,2017 Ford Focus,"$17,991",https://www.carpages.ca//used-cars/quebec/victoriaville/2017-ford-focus-6396334/
408,2014 Toyota Camry,"$13,300",https://www.carpages.ca//used-cars/ontario/kitchener/2014-toyota-camry-6395782/
409,2017 Ford Fusion,"$19,950",https://www.carpages.ca//used-cars/ontario/kitchener/2017-ford-fusion-6394360/
410,2017 Ford Fusion,"$19,950",https://www.carpages.ca//used-cars/ontario/kitchener/2017-ford-fusion-6394354/
411,2015 Toyota Prius,"$18,750",https://www.carpages.ca//used-cars/ontario/kitchener/2015-toyota-prius-6394351/
412,2019 Ford Fusion Hybrid,"$23,992",https://www.carpages.ca//used-cars/ontario/london/2019-ford-fusion-hybrid-6394252/
413,2016 Toyota Highlander Hybrid,"$23,999",https://www.carpages.ca//used-cars/ontario/bolton/2016-toyota-highlander-hybrid-6394120/
414,2019 Toyota Highlander,"$47,999",https://www.carpages.ca//used-cars/ontario/renfrew/2019-toyota-highlander-6393154/
415,2021 Toyota Highlander,"$58,535",https://www.carpages.ca//new-cars/ontario/cobourg/2021-toyota-highlander-6392638/
416,2019 Tesla Model 3,"$54,888",https://www.carpages.ca//used-cars/british-columbia/mission/2019-tesla-model-3-6391933/
417,2021 Jeep Wrangler,"$58,136",https://www.carpages.ca//new-cars/saskatchewan/regina/2021-jeep-wrangler-6391825/
418,2018 Mitsubishi Outlander,"$30,000",https://www.carpages.ca//used-cars/british-columbia/port-moody/2018-mitsubishi-outlander-6391747/
419,2014 Toyota Camry,"$17,998",https://www.carpages.ca//used-cars/british-columbia/courtenay/2014-toyota-camry-6391216/
420,2008 Toyota Highlander Hybrid,"$10,495",https://www.carpages.ca//used-cars/ontario/komoka/2008-toyota-highlander-hybrid-6389834/
421,2019 Ford Fusion Hybrid,"$18,880",https://www.carpages.ca//used-cars/ontario/north-york/2019-ford-fusion-hybrid-6388112/
422,2019 Ford Fusion Hybrid,"$18,880",https://www.carpages.ca//used-cars/ontario/north-york/2019-ford-fusion-hybrid-6388100/
423,2019 Ford Fusion,"$16,900",https://www.carpages.ca//used-cars/ontario/waterloo/2019-ford-fusion-6388001/
424,2020 Hyundai Ioniq Hybrid,"$32,955",https://www.carpages.ca//new-cars/ontario/mississauga/2020-hyundai-ioniq-hybrid-6387914/
425,2019 RAM 1500,"$57,444",https://www.carpages.ca//used-cars/nova-scotia/kentville/2019-ram-1500-6387758/
426,2020 Nissan Leaf,"$38,995",https://www.carpages.ca//used-cars/quebec/chateauguay/2020-nissan-leaf-6386726/
427,2017 Smart fortwo,"$16,990",https://www.carpages.ca//used-cars/ontario/london/2017-smart-fortwo-6385842/
428,2016 Hyundai Sonata Plug In Hybrid,"$17,994",https://www.carpages.ca//used-cars/ontario/windsor/2016-hyundai-sonata-plug-in-hybrid-6385386/
429,2021 Jeep Wrangler,"$58,891",https://www.carpages.ca//new-cars/british-columbia/abbotsford/2021-jeep-wrangler-6385116/
430,2021 Toyota RAV4,"$39,340",https://www.carpages.ca//new-cars/ontario/hamilton/2021-toyota-rav4-6384834/
431,2021 Ford F-150,"$61,684",https://www.carpages.ca//new-cars/ontario/ottawa/2021-ford-f-150-6384636/
432,2021 Hyundai KONA,"$48,624",https://www.carpages.ca//new-cars/british-columbia/abbotsford/2021-hyundai-kona-6383781/
433,2021 Ford Mustang,"$64,245",https://www.carpages.ca//new-cars/manitoba/selkirk/2021-ford-mustang-6383208/
434,2021 Chrysler Pacifica,"$57,730",https://www.carpages.ca//new-cars/saskatchewan/saskatoon/2021-chrysler-pacifica-6382917/
435,2020 Honda Accord,"$36,375",https://www.carpages.ca//new-cars/british-columbia/port-moody/2020-honda-accord-6382401/
436,2020 Honda Accord,"$43,075",https://www.carpages.ca//new-cars/british-columbia/port-moody/2020-honda-accord-6382371/
437,2021 Hyundai KONA,"$49,589",https://www.carpages.ca//new-cars/ontario/kanata/2021-hyundai-kona-6382080/
438,2021 Hyundai KONA,"$49,139",https://www.carpages.ca//new-cars/ontario/kanata/2021-hyundai-kona-6382077/
439,2021 Hyundai KONA,"$49,589",https://www.carpages.ca//new-cars/ontario/kanata/2021-hyundai-kona-6382074/
440,2021 Hyundai KONA,"$56,139",https://www.carpages.ca//new-cars/ontario/kanata/2021-hyundai-kona-6382068/
441,2021 Toyota Highlander,"$47,925",https://www.carpages.ca//new-cars/ontario/whitby/2021-toyota-highlander-6381423/
442,2016 Toyota Camry,"$18,880",https://www.carpages.ca//used-cars/ontario/kitchener/2016-toyota-camry-6380792/
443,2021 Kia Soul EV,"$53,890",https://www.carpages.ca//new-cars/british-columbia/vancouver/2021-kia-soul-ev-6380168/
444,2019 Chevrolet Volt,"$36,525",https://www.carpages.ca//used-cars/british-columbia/north-vancouver/2019-chevrolet-volt-6378768/
445,2019 Hyundai IONIQ,"$26,500",https://www.carpages.ca//used-cars/british-columbia/surrey/2019-hyundai-ioniq-6378537/
446,2020 Ford Fusion,"$25,500",https://www.carpages.ca//used-cars/british-columbia/new-westminster/2020-ford-fusion-6378525/
447,2020 Ford Fusion,"$24,800",https://www.carpages.ca//used-cars/british-columbia/new-westminster/2020-ford-fusion-6378519/
448,2020 Ford Fusion,"$25,500",https://www.carpages.ca//used-cars/british-columbia/new-westminster/2020-ford-fusion-6378513/
449,2020 Ford Fusion,"$24,800",https://www.carpages.ca//used-cars/british-columbia/new-westminster/2020-ford-fusion-6378507/
450,2017 Chevrolet Volt,"$20,989",https://www.carpages.ca//used-cars/quebec/st-basile-le-grand/2017-chevrolet-volt-6397570/
451,2016 Chevrolet Volt,"$19,989",https://www.carpages.ca//used-cars/quebec/st-basile-le-grand/2016-chevrolet-volt-6397567/
452,2017 Hyundai Accent,"$18,995",https://www.carpages.ca//used-cars/quebec/st-constant/2017-hyundai-accent-6397033/
453,2020 Ford Explorer,"$60,449",https://www.carpages.ca//new-cars/manitoba/brandon/2020-ford-explorer-6397027/
454,2019 Ford Fusion,"$21,998",https://www.carpages.ca//used-cars/saskatchewan/regina/2019-ford-fusion-6396796/
455,2020 Ford Fusion,"$39,553",https://www.carpages.ca//new-cars/ontario/mississauga/2020-ford-fusion-6396721/
456,2019 Ford Fusion,"$41,565",https://www.carpages.ca//new-cars/ontario/mississauga/2019-ford-fusion-6396718/
457,2017 Ford Focus,"$17,991",https://www.carpages.ca//used-cars/quebec/victoriaville/2017-ford-focus-6396334/
458,2014 Toyota Camry,"$13,300",https://www.carpages.ca//used-cars/ontario/kitchener/2014-toyota-camry-6395782/
459,2017 Ford Fusion,"$19,950",https://www.carpages.ca//used-cars/ontario/kitchener/2017-ford-fusion-6394360/
460,2017 Ford Fusion,"$19,950",https://www.carpages.ca//used-cars/ontario/kitchener/2017-ford-fusion-6394354/
461,2015 Toyota Prius,"$18,750",https://www.carpages.ca//used-cars/ontario/kitchener/2015-toyota-prius-6394351/
462,2019 Ford Fusion Hybrid,"$23,992",https://www.carpages.ca//used-cars/ontario/london/2019-ford-fusion-hybrid-6394252/
463,2016 Toyota Highlander Hybrid,"$23,999",https://www.carpages.ca//used-cars/ontario/bolton/2016-toyota-highlander-hybrid-6394120/
464,2019 Toyota Highlander,"$47,999",https://www.carpages.ca//used-cars/ontario/renfrew/2019-toyota-highlander-6393154/
465,2021 Toyota Highlander,"$58,535",https://www.carpages.ca//new-cars/ontario/cobourg/2021-toyota-highlander-6392638/
466,2019 Tesla Model 3,"$54,888",https://www.carpages.ca//used-cars/british-columbia/mission/2019-tesla-model-3-6391933/
467,2021 Jeep Wrangler,"$58,136",https://www.carpages.ca//new-cars/saskatchewan/regina/2021-jeep-wrangler-6391825/
468,2018 Mitsubishi Outlander,"$30,000",https://www.carpages.ca//used-cars/british-columbia/port-moody/2018-mitsubishi-outlander-6391747/
469,2014 Toyota Camry,"$17,998",https://www.carpages.ca//used-cars/british-columbia/courtenay/2014-toyota-camry-6391216/
470,2008 Toyota Highlander Hybrid,"$10,495",https://www.carpages.ca//used-cars/ontario/komoka/2008-toyota-highlander-hybrid-6389834/
471,2019 Ford Fusion Hybrid,"$18,880",https://www.carpages.ca//used-cars/ontario/north-york/2019-ford-fusion-hybrid-6388112/
472,2019 Ford Fusion Hybrid,"$18,880",https://www.carpages.ca//used-cars/ontario/north-york/2019-ford-fusion-hybrid-6388100/
473,2019 Ford Fusion,"$16,900",https://www.carpages.ca//used-cars/ontario/waterloo/2019-ford-fusion-6388001/
474,2020 Hyundai Ioniq Hybrid,"$32,955",https://www.carpages.ca//new-cars/ontario/mississauga/2020-hyundai-ioniq-hybrid-6387914/
475,2019 RAM 1500,"$57,444",https://www.carpages.ca//used-cars/nova-scotia/kentville/2019-ram-1500-6387758/
476,2020 Nissan Leaf,"$38,995",https://www.carpages.ca//used-cars/quebec/chateauguay/2020-nissan-leaf-6386726/
477,2017 Smart fortwo,"$16,990",https://www.carpages.ca//used-cars/ontario/london/2017-smart-fortwo-6385842/
478,2016 Hyundai Sonata Plug In Hybrid,"$17,994",https://www.carpages.ca//used-cars/ontario/windsor/2016-hyundai-sonata-plug-in-hybrid-6385386/
479,2021 Jeep Wrangler,"$58,891",https://www.carpages.ca//new-cars/british-columbia/abbotsford/2021-jeep-wrangler-6385116/
480,2021 Toyota RAV4,"$39,340",https://www.carpages.ca//new-cars/ontario/hamilton/2021-toyota-rav4-6384834/
481,2021 Ford F-150,"$61,684",https://www.carpages.ca//new-cars/ontario/ottawa/2021-ford-f-150-6384636/
482,2021 Hyundai KONA,"$48,624",https://www.carpages.ca//new-cars/british-columbia/abbotsford/2021-hyundai-kona-6383781/
483,2021 Ford Mustang,"$64,245",https://www.carpages.ca//new-cars/manitoba/selkirk/2021-ford-mustang-6383208/
484,2021 Chrysler Pacifica,"$57,730",https://www.carpages.ca//new-cars/saskatchewan/saskatoon/2021-chrysler-pacifica-6382917/
485,2020 Honda Accord,"$36,375",https://www.carpages.ca//new-cars/british-columbia/port-moody/2020-honda-accord-6382401/
486,2020 Honda Accord,"$43,075",https://www.carpages.ca//new-cars/british-columbia/port-moody/2020-honda-accord-6382371/
487,2021 Hyundai KONA,"$49,589",https://www.carpages.ca//new-cars/ontario/kanata/2021-hyundai-kona-6382080/
488,2021 Hyundai KONA,"$49,139",https://www.carpages.ca//new-cars/ontario/kanata/2021-hyundai-kona-6382077/
489,2021 Hyundai KONA,"$49,589",https://www.carpages.ca//new-cars/ontario/kanata/2021-hyundai-kona-6382074/
490,2021 Hyundai KONA,"$56,139",https://www.carpages.ca//new-cars/ontario/kanata/2021-hyundai-kona-6382068/
491,2021 Toyota Highlander,"$47,925",https://www.carpages.ca//new-cars/ontario/whitby/2021-toyota-highlander-6381423/
492,2016 Toyota Camry,"$18,880",https://www.carpages.ca//used-cars/ontario/kitchener/2016-toyota-camry-6380792/
493,2021 Kia Soul EV,"$53,890",https://www.carpages.ca//new-cars/british-columbia/vancouver/2021-kia-soul-ev-6380168/
494,2019 Chevrolet Volt,"$36,525",https://www.carpages.ca//used-cars/british-columbia/north-vancouver/2019-chevrolet-volt-6378768/
495,2019 Hyundai IONIQ,"$26,500",https://www.carpages.ca//used-cars/british-columbia/surrey/2019-hyundai-ioniq-6378537/
496,2020 Ford Fusion,"$25,500",https://www.carpages.ca//used-cars/british-columbia/new-westminster/2020-ford-fusion-6378525/
497,2020 Ford Fusion,"$24,800",https://www.carpages.ca//used-cars/british-columbia/new-westminster/2020-ford-fusion-6378519/
498,2020 Ford Fusion,"$25,500",https://www.carpages.ca//used-cars/british-columbia/new-westminster/2020-ford-fusion-6378513/
499,2020 Ford Fusion,"$24,800",https://www.carpages.ca//used-cars/british-columbia/new-westminster/2020-ford-fusion-6378507/
500,2017 Chevrolet Volt,"$20,989",https://www.carpages.ca//used-cars/quebec/st-basile-le-grand/2017-chevrolet-volt-6397570/
501,2016 Chevrolet Volt,"$19,989",https://www.carpages.ca//used-cars/quebec/st-basile-le-grand/2016-chevrolet-volt-6397567/
502,2017 Hyundai Accent,"$18,995",https://www.carpages.ca//used-cars/quebec/st-constant/2017-hyundai-accent-6397033/
503,2020 Ford Explorer,"$60,449",https://www.carpages.ca//new-cars/manitoba/brandon/2020-ford-explorer-6397027/
504,2019 Ford Fusion,"$21,998",https://www.carpages.ca//used-cars/saskatchewan/regina/2019-ford-fusion-6396796/
505,2020 Ford Fusion,"$39,553",https://www.carpages.ca//new-cars/ontario/mississauga/2020-ford-fusion-6396721/
506,2019 Ford Fusion,"$41,565",https://www.carpages.ca//new-cars/ontario/mississauga/2019-ford-fusion-6396718/
507,2017 Ford Focus,"$17,991",https://www.carpages.ca//used-cars/quebec/victoriaville/2017-ford-focus-6396334/
508,2014 Toyota Camry,"$13,300",https://www.carpages.ca//used-cars/ontario/kitchener/2014-toyota-camry-6395782/
509,2017 Ford Fusion,"$19,950",https://www.carpages.ca//used-cars/ontario/kitchener/2017-ford-fusion-6394360/
510,2017 Ford Fusion,"$19,950",https://www.carpages.ca//used-cars/ontario/kitchener/2017-ford-fusion-6394354/
511,2015 Toyota Prius,"$18,750",https://www.carpages.ca//used-cars/ontario/kitchener/2015-toyota-prius-6394351/
512,2019 Ford Fusion Hybrid,"$23,992",https://www.carpages.ca//used-cars/ontario/london/2019-ford-fusion-hybrid-6394252/
513,2016 Toyota Highlander Hybrid,"$23,999",https://www.carpages.ca//used-cars/ontario/bolton/2016-toyota-highlander-hybrid-6394120/
514,2019 Toyota Highlander,"$47,999",https://www.carpages.ca//used-cars/ontario/renfrew/2019-toyota-highlander-6393154/
515,2021 Toyota Highlander,"$58,535",https://www.carpages.ca//new-cars/ontario/cobourg/2021-toyota-highlander-6392638/
516,2019 Tesla Model 3,"$54,888",https://www.carpages.ca//used-cars/british-columbia/mission/2019-tesla-model-3-6391933/
517,2021 Jeep Wrangler,"$58,136",https://www.carpages.ca//new-cars/saskatchewan/regina/2021-jeep-wrangler-6391825/
518,2018 Mitsubishi Outlander,"$30,000",https://www.carpages.ca//used-cars/british-columbia/port-moody/2018-mitsubishi-outlander-6391747/
519,2014 Toyota Camry,"$17,998",https://www.carpages.ca//used-cars/british-columbia/courtenay/2014-toyota-camry-6391216/
520,2008 Toyota Highlander Hybrid,"$10,495",https://www.carpages.ca//used-cars/ontario/komoka/2008-toyota-highlander-hybrid-6389834/
521,2019 Ford Fusion Hybrid,"$18,880",https://www.carpages.ca//used-cars/ontario/north-york/2019-ford-fusion-hybrid-6388112/
522,2019 Ford Fusion Hybrid,"$18,880",https://www.carpages.ca//used-cars/ontario/north-york/2019-ford-fusion-hybrid-6388100/
523,2019 Ford Fusion,"$16,900",https://www.carpages.ca//used-cars/ontario/waterloo/2019-ford-fusion-6388001/
524,2020 Hyundai Ioniq Hybrid,"$32,955",https://www.carpages.ca//new-cars/ontario/mississauga/2020-hyundai-ioniq-hybrid-6387914/
525,2019 RAM 1500,"$57,444",https://www.carpages.ca//used-cars/nova-scotia/kentville/2019-ram-1500-6387758/
526,2020 Nissan Leaf,"$38,995",https://www.carpages.ca//used-cars/quebec/chateauguay/2020-nissan-leaf-6386726/
527,2017 Smart fortwo,"$16,990",https://www.carpages.ca//used-cars/ontario/london/2017-smart-fortwo-6385842/
528,2016 Hyundai Sonata Plug In Hybrid,"$17,994",https://www.carpages.ca//used-cars/ontario/windsor/2016-hyundai-sonata-plug-in-hybrid-6385386/
529,2021 Jeep Wrangler,"$58,891",https://www.carpages.ca//new-cars/british-columbia/abbotsford/2021-jeep-wrangler-6385116/
530,2021 Toyota RAV4,"$39,340",https://www.carpages.ca//new-cars/ontario/hamilton/2021-toyota-rav4-6384834/
531,2021 Ford F-150,"$61,684",https://www.carpages.ca//new-cars/ontario/ottawa/2021-ford-f-150-6384636/
532,2021 Hyundai KONA,"$48,624",https://www.carpages.ca//new-cars/british-columbia/abbotsford/2021-hyundai-kona-6383781/
533,2021 Ford Mustang,"$64,245",https://www.carpages.ca//new-cars/manitoba/selkirk/2021-ford-mustang-6383208/
534,2021 Chrysler Pacifica,"$57,730",https://www.carpages.ca//new-cars/saskatchewan/saskatoon/2021-chrysler-pacifica-6382917/
535,2020 Honda Accord,"$36,375",https://www.carpages.ca//new-cars/british-columbia/port-moody/2020-honda-accord-6382401/
536,2020 Honda Accord,"$43,075",https://www.carpages.ca//new-cars/british-columbia/port-moody/2020-honda-accord-6382371/
537,2021 Hyundai KONA,"$49,589",https://www.carpages.ca//new-cars/ontario/kanata/2021-hyundai-kona-6382080/
538,2021 Hyundai KONA,"$49,139",https://www.carpages.ca//new-cars/ontario/kanata/2021-hyundai-kona-6382077/
539,2021 Hyundai KONA,"$49,589",https://www.carpages.ca//new-cars/ontario/kanata/2021-hyundai-kona-6382074/
540,2021 Hyundai KONA,"$56,139",https://www.carpages.ca//new-cars/ontario/kanata/2021-hyundai-kona-6382068/
541,2021 Toyota Highlander,"$47,925",https://www.carpages.ca//new-cars/ontario/whitby/2021-toyota-highlander-6381423/
542,2016 Toyota Camry,"$18,880",https://www.carpages.ca//used-cars/ontario/kitchener/2016-toyota-camry-6380792/
543,2021 Kia Soul EV,"$53,890",https://www.carpages.ca//new-cars/british-columbia/vancouver/2021-kia-soul-ev-6380168/
544,2019 Chevrolet Volt,"$36,525",https://www.carpages.ca//used-cars/british-columbia/north-vancouver/2019-chevrolet-volt-6378768/
545,2019 Hyundai IONIQ,"$26,500",https://www.carpages.ca//used-cars/british-columbia/surrey/2019-hyundai-ioniq-6378537/
546,2020 Ford Fusion,"$25,500",https://www.carpages.ca//used-cars/british-columbia/new-westminster/2020-ford-fusion-6378525/
547,2020 Ford Fusion,"$24,800",https://www.carpages.ca//used-cars/british-columbia/new-westminster/2020-ford-fusion-6378519/
548,2020 Ford Fusion,"$25,500",https://www.carpages.ca//used-cars/british-columbia/new-westminster/2020-ford-fusion-6378513/
549,2020 Ford Fusion,"$24,800",https://www.carpages.ca//used-cars/british-columbia/new-westminster/2020-ford-fusion-6378507/
550,2017 Chevrolet Volt,"$20,989",https://www.carpages.ca//used-cars/quebec/st-basile-le-grand/2017-chevrolet-volt-6397570/
551,2016 Chevrolet Volt,"$19,989",https://www.carpages.ca//used-cars/quebec/st-basile-le-grand/2016-chevrolet-volt-6397567/
552,2017 Hyundai Accent,"$18,995",https://www.carpages.ca//used-cars/quebec/st-constant/2017-hyundai-accent-6397033/
553,2020 Ford Explorer,"$60,449",https://www.carpages.ca//new-cars/manitoba/brandon/2020-ford-explorer-6397027/
554,2019 Ford Fusion,"$21,998",https://www.carpages.ca//used-cars/saskatchewan/regina/2019-ford-fusion-6396796/
555,2020 Ford Fusion,"$39,553",https://www.carpages.ca//new-cars/ontario/mississauga/2020-ford-fusion-6396721/
556,2019 Ford Fusion,"$41,565",https://www.carpages.ca//new-cars/ontario/mississauga/2019-ford-fusion-6396718/
557,2017 Ford Focus,"$17,991",https://www.carpages.ca//used-cars/quebec/victoriaville/2017-ford-focus-6396334/
558,2014 Toyota Camry,"$13,300",https://www.carpages.ca//used-cars/ontario/kitchener/2014-toyota-camry-6395782/
559,2017 Ford Fusion,"$19,950",https://www.carpages.ca//used-cars/ontario/kitchener/2017-ford-fusion-6394360/
560,2017 Ford Fusion,"$19,950",https://www.carpages.ca//used-cars/ontario/kitchener/2017-ford-fusion-6394354/
561,2015 Toyota Prius,"$18,750",https://www.carpages.ca//used-cars/ontario/kitchener/2015-toyota-prius-6394351/
562,2019 Ford Fusion Hybrid,"$23,992",https://www.carpages.ca//used-cars/ontario/london/2019-ford-fusion-hybrid-6394252/
563,2016 Toyota Highlander Hybrid,"$23,999",https://www.carpages.ca//used-cars/ontario/bolton/2016-toyota-highlander-hybrid-6394120/
564,2019 Toyota Highlander,"$47,999",https://www.carpages.ca//used-cars/ontario/renfrew/2019-toyota-highlander-6393154/
565,2021 Toyota Highlander,"$58,535",https://www.carpages.ca//new-cars/ontario/cobourg/2021-toyota-highlander-6392638/
566,2019 Tesla Model 3,"$54,888",https://www.carpages.ca//used-cars/british-columbia/mission/2019-tesla-model-3-6391933/
567,2021 Jeep Wrangler,"$58,136",https://www.carpages.ca//new-cars/saskatchewan/regina/2021-jeep-wrangler-6391825/
568,2018 Mitsubishi Outlander,"$30,000",https://www.carpages.ca//used-cars/british-columbia/port-moody/2018-mitsubishi-outlander-6391747/
569,2014 Toyota Camry,"$17,998",https://www.carpages.ca//used-cars/british-columbia/courtenay/2014-toyota-camry-6391216/
570,2008 Toyota Highlander Hybrid,"$10,495",https://www.carpages.ca//used-cars/ontario/komoka/2008-toyota-highlander-hybrid-6389834/
571,2019 Ford Fusion Hybrid,"$18,880",https://www.carpages.ca//used-cars/ontario/north-york/2019-ford-fusion-hybrid-6388112/
572,2019 Ford Fusion Hybrid,"$18,880",https://www.carpages.ca//used-cars/ontario/north-york/2019-ford-fusion-hybrid-6388100/
573,2019 Ford Fusion,"$16,900",https://www.carpages.ca//used-cars/ontario/waterloo/2019-ford-fusion-6388001/
574,2020 Hyundai Ioniq Hybrid,"$32,955",https://www.carpages.ca//new-cars/ontario/mississauga/2020-hyundai-ioniq-hybrid-6387914/
575,2019 RAM 1500,"$57,444",https://www.carpages.ca//used-cars/nova-scotia/kentville/2019-ram-1500-6387758/
576,2020 Nissan Leaf,"$38,995",https://www.carpages.ca//used-cars/quebec/chateauguay/2020-nissan-leaf-6386726/
577,2017 Smart fortwo,"$16,990",https://www.carpages.ca//used-cars/ontario/london/2017-smart-fortwo-6385842/
578,2016 Hyundai Sonata Plug In Hybrid,"$17,994",https://www.carpages.ca//used-cars/ontario/windsor/2016-hyundai-sonata-plug-in-hybrid-6385386/
579,2021 Jeep Wrangler,"$58,891",https://www.carpages.ca//new-cars/british-columbia/abbotsford/2021-jeep-wrangler-6385116/
580,2021 Toyota RAV4,"$39,340",https://www.carpages.ca//new-cars/ontario/hamilton/2021-toyota-rav4-6384834/
581,2021 Ford F-150,"$61,684",https://www.carpages.ca//new-cars/ontario/ottawa/2021-ford-f-150-6384636/
582,2021 Hyundai KONA,"$48,624",https://www.carpages.ca//new-cars/british-columbia/abbotsford/2021-hyundai-kona-6383781/
583,2021 Ford Mustang,"$64,245",https://www.carpages.ca//new-cars/manitoba/selkirk/2021-ford-mustang-6383208/
584,2021 Chrysler Pacifica,"$57,730",https://www.carpages.ca//new-cars/saskatchewan/saskatoon/2021-chrysler-pacifica-6382917/
585,2020 Honda Accord,"$36,375",https://www.carpages.ca//new-cars/british-columbia/port-moody/2020-honda-accord-6382401/
586,2020 Honda Accord,"$43,075",https://www.carpages.ca//new-cars/british-columbia/port-moody/2020-honda-accord-6382371/
587,2021 Hyundai KONA,"$49,589",https://www.carpages.ca//new-cars/ontario/kanata/2021-hyundai-kona-6382080/
588,2021 Hyundai KONA,"$49,139",https://www.carpages.ca//new-cars/ontario/kanata/2021-hyundai-kona-6382077/
589,2021 Hyundai KONA,"$49,589",https://www.carpages.ca//new-cars/ontario/kanata/2021-hyundai-kona-6382074/
590,2021 Hyundai KONA,"$56,139",https://www.carpages.ca//new-cars/ontario/kanata/2021-hyundai-kona-6382068/
591,2021 Toyota Highlander,"$47,925",https://www.carpages.ca//new-cars/ontario/whitby/2021-toyota-highlander-6381423/
592,2016 Toyota Camry,"$18,880",https://www.carpages.ca//used-cars/ontario/kitchener/2016-toyota-camry-6380792/
593,2021 Kia Soul EV,"$53,890",https://www.carpages.ca//new-cars/british-columbia/vancouver/2021-kia-soul-ev-6380168/
594,2019 Chevrolet Volt,"$36,525",https://www.carpages.ca//used-cars/british-columbia/north-vancouver/2019-chevrolet-volt-6378768/
595,2019 Hyundai IONIQ,"$26,500",https://www.carpages.ca//used-cars/british-columbia/surrey/2019-hyundai-ioniq-6378537/
596,2020 Ford Fusion,"$25,500",https://www.carpages.ca//used-cars/british-columbia/new-westminster/2020-ford-fusion-6378525/
597,2020 Ford Fusion,"$24,800",https://www.carpages.ca//used-cars/british-columbia/new-westminster/2020-ford-fusion-6378519/
598,2020 Ford Fusion,"$25,500",https://www.carpages.ca//used-cars/british-columbia/new-westminster/2020-ford-fusion-6378513/
599,2020 Ford Fusion,"$24,800",https://www.carpages.ca//used-cars/british-columbia/new-westminster/2020-ford-fusion-6378507/
600,2017 Chevrolet Volt,"$20,989",https://www.carpages.ca//used-cars/quebec/st-basile-le-grand/2017-chevrolet-volt-6397570/
601,2016 Chevrolet Volt,"$19,989",https://www.carpages.ca//used-cars/quebec/st-basile-le-grand/2016-chevrolet-volt-6397567/
602,2017 Hyundai Accent,"$18,995",https://www.carpages.ca//used-cars/quebec/st-constant/2017-hyundai-accent-6397033/
603,2020 Ford Explorer,"$60,449",https://www.carpages.ca//new-cars/manitoba/brandon/2020-ford-explorer-6397027/
604,2019 Ford Fusion,"$21,998",https://www.carpages.ca//used-cars/saskatchewan/regina/2019-ford-fusion-6396796/
605,2020 Ford Fusion,"$39,553",https://www.carpages.ca//new-cars/ontario/mississauga/2020-ford-fusion-6396721/
606,2019 Ford Fusion,"$41,565",https://www.carpages.ca//new-cars/ontario/mississauga/2019-ford-fusion-6396718/
607,2017 Ford Focus,"$17,991",https://www.carpages.ca//used-cars/quebec/victoriaville/2017-ford-focus-6396334/
608,2014 Toyota Camry,"$13,300",https://www.carpages.ca//used-cars/ontario/kitchener/2014-toyota-camry-6395782/
609,2017 Ford Fusion,"$19,950",https://www.carpages.ca//used-cars/ontario/kitchener/2017-ford-fusion-6394360/
610,2017 Ford Fusion,"$19,950",https://www.carpages.ca//used-cars/ontario/kitchener/2017-ford-fusion-6394354/
611,2015 Toyota Prius,"$18,750",https://www.carpages.ca//used-cars/ontario/kitchener/2015-toyota-prius-6394351/
612,2019 Ford Fusion Hybrid,"$23,992",https://www.carpages.ca//used-cars/ontario/london/2019-ford-fusion-hybrid-6394252/
613,2016 Toyota Highlander Hybrid,"$23,999",https://www.carpages.ca//used-cars/ontario/bolton/2016-toyota-highlander-hybrid-6394120/
614,2019 Toyota Highlander,"$47,999",https://www.carpages.ca//used-cars/ontario/renfrew/2019-toyota-highlander-6393154/
615,2021 Toyota Highlander,"$58,535",https://www.carpages.ca//new-cars/ontario/cobourg/2021-toyota-highlander-6392638/
616,2019 Tesla Model 3,"$54,888",https://www.carpages.ca//used-cars/british-columbia/mission/2019-tesla-model-3-6391933/
617,2021 Jeep Wrangler,"$58,136",https://www.carpages.ca//new-cars/saskatchewan/regina/2021-jeep-wrangler-6391825/
618,2018 Mitsubishi Outlander,"$30,000",https://www.carpages.ca//used-cars/british-columbia/port-moody/2018-mitsubishi-outlander-6391747/
619,2014 Toyota Camry,"$17,998",https://www.carpages.ca//used-cars/british-columbia/courtenay/2014-toyota-camry-6391216/
620,2008 Toyota Highlander Hybrid,"$10,495",https://www.carpages.ca//used-cars/ontario/komoka/2008-toyota-highlander-hybrid-6389834/
621,2019 Ford Fusion Hybrid,"$18,880",https://www.carpages.ca//used-cars/ontario/north-york/2019-ford-fusion-hybrid-6388112/
622,2019 Ford Fusion Hybrid,"$18,880",https://www.carpages.ca//used-cars/ontario/north-york/2019-ford-fusion-hybrid-6388100/
623,2019 Ford Fusion,"$16,900",https://www.carpages.ca//used-cars/ontario/waterloo/2019-ford-fusion-6388001/
624,2020 Hyundai Ioniq Hybrid,"$32,955",https://www.carpages.ca//new-cars/ontario/mississauga/2020-hyundai-ioniq-hybrid-6387914/
625,2019 RAM 1500,"$57,444",https://www.carpages.ca//used-cars/nova-scotia/kentville/2019-ram-1500-6387758/
626,2020 Nissan Leaf,"$38,995",https://www.carpages.ca//used-cars/quebec/chateauguay/2020-nissan-leaf-6386726/
627,2017 Smart fortwo,"$16,990",https://www.carpages.ca//used-cars/ontario/london/2017-smart-fortwo-6385842/
628,2016 Hyundai Sonata Plug In Hybrid,"$17,994",https://www.carpages.ca//used-cars/ontario/windsor/2016-hyundai-sonata-plug-in-hybrid-6385386/
629,2021 Jeep Wrangler,"$58,891",https://www.carpages.ca//new-cars/british-columbia/abbotsford/2021-jeep-wrangler-6385116/
630,2021 Toyota RAV4,"$39,340",https://www.carpages.ca//new-cars/ontario/hamilton/2021-toyota-rav4-6384834/
631,2021 Ford F-150,"$61,684",https://www.carpages.ca//new-cars/ontario/ottawa/2021-ford-f-150-6384636/
632,2021 Hyundai KONA,"$48,624",https://www.carpages.ca//new-cars/british-columbia/abbotsford/2021-hyundai-kona-6383781/
633,2021 Ford Mustang,"$64,245",https://www.carpages.ca//new-cars/manitoba/selkirk/2021-ford-mustang-6383208/
634,2021 Chrysler Pacifica,"$57,730",https://www.carpages.ca//new-cars/saskatchewan/saskatoon/2021-chrysler-pacifica-6382917/
635,2020 Honda Accord,"$36,375",https://www.carpages.ca//new-cars/british-columbia/port-moody/2020-honda-accord-6382401/
636,2020 Honda Accord,"$43,075",https://www.carpages.ca//new-cars/british-columbia/port-moody/2020-honda-accord-6382371/
637,2021 Hyundai KONA,"$49,589",https://www.carpages.ca//new-cars/ontario/kanata/2021-hyundai-kona-6382080/
638,2021 Hyundai KONA,"$49,139",https://www.carpages.ca//new-cars/ontario/kanata/2021-hyundai-kona-6382077/
639,2021 Hyundai KONA,"$49,589",https://www.carpages.ca//new-cars/ontario/kanata/2021-hyundai-kona-6382074/
640,2021 Hyundai KONA,"$56,139",https://www.carpages.ca//new-cars/ontario/kanata/2021-hyundai-kona-6382068/
641,2021 Toyota Highlander,"$47,925",https://www.carpages.ca//new-cars/ontario/whitby/2021-toyota-highlander-6381423/
642,2016 Toyota Camry,"$18,880",https://www.carpages.ca//used-cars/ontario/kitchener/2016-toyota-camry-6380792/
643,2021 Kia Soul EV,"$53,890",https://www.carpages.ca//new-cars/british-columbia/vancouver/2021-kia-soul-ev-6380168/
644,2019 Chevrolet Volt,"$36,525",https://www.carpages.ca//used-cars/british-columbia/north-vancouver/2019-chevrolet-volt-6378768/
645,2019 Hyundai IONIQ,"$26,500",https://www.carpages.ca//used-cars/british-columbia/surrey/2019-hyundai-ioniq-6378537/
646,2020 Ford Fusion,"$25,500",https://www.carpages.ca//used-cars/british-columbia/new-westminster/2020-ford-fusion-6378525/
647,2020 Ford Fusion,"$24,800",https://www.carpages.ca//used-cars/british-columbia/new-westminster/2020-ford-fusion-6378519/
648,2020 Ford Fusion,"$25,500",https://www.carpages.ca//used-cars/british-columbia/new-westminster/2020-ford-fusion-6378513/
649,2020 Ford Fusion,"$24,800",https://www.carpages.ca//used-cars/british-columbia/new-westminster/2020-ford-fusion-6378507/
650,2017 Chevrolet Volt,"$20,989",https://www.carpages.ca//used-cars/quebec/st-basile-le-grand/2017-chevrolet-volt-6397570/
651,2016 Chevrolet Volt,"$19,989",https://www.carpages.ca//used-cars/quebec/st-basile-le-grand/2016-chevrolet-volt-6397567/
652,2017 Hyundai Accent,"$18,995",https://www.carpages.ca//used-cars/quebec/st-constant/2017-hyundai-accent-6397033/
653,2020 Ford Explorer,"$60,449",https://www.carpages.ca//new-cars/manitoba/brandon/2020-ford-explorer-6397027/
654,2019 Ford Fusion,"$21,998",https://www.carpages.ca//used-cars/saskatchewan/regina/2019-ford-fusion-6396796/
655,2020 Ford Fusion,"$39,553",https://www.carpages.ca//new-cars/ontario/mississauga/2020-ford-fusion-6396721/
656,2019 Ford Fusion,"$41,565",https://www.carpages.ca//new-cars/ontario/mississauga/2019-ford-fusion-6396718/
657,2017 Ford Focus,"$17,991",https://www.carpages.ca//used-cars/quebec/victoriaville/2017-ford-focus-6396334/
658,2014 Toyota Camry,"$13,300",https://www.carpages.ca//used-cars/ontario/kitchener/2014-toyota-camry-6395782/
659,2017 Ford Fusion,"$19,950",https://www.carpages.ca//used-cars/ontario/kitchener/2017-ford-fusion-6394360/
660,2017 Ford Fusion,"$19,950",https://www.carpages.ca//used-cars/ontario/kitchener/2017-ford-fusion-6394354/
661,2015 Toyota Prius,"$18,750",https://www.carpages.ca//used-cars/ontario/kitchener/2015-toyota-prius-6394351/
662,2019 Ford Fusion Hybrid,"$23,992",https://www.carpages.ca//used-cars/ontario/london/2019-ford-fusion-hybrid-6394252/
663,2016 Toyota Highlander Hybrid,"$23,999",https://www.carpages.ca//used-cars/ontario/bolton/2016-toyota-highlander-hybrid-6394120/
664,2019 Toyota Highlander,"$47,999",https://www.carpages.ca//used-cars/ontario/renfrew/2019-toyota-highlander-6393154/
665,2021 Toyota Highlander,"$58,535",https://www.carpages.ca//new-cars/ontario/cobourg/2021-toyota-highlander-6392638/
666,2019 Tesla Model 3,"$54,888",https://www.carpages.ca//used-cars/british-columbia/mission/2019-tesla-model-3-6391933/
667,2021 Jeep Wrangler,"$58,136",https://www.carpages.ca//new-cars/saskatchewan/regina/2021-jeep-wrangler-6391825/
668,2018 Mitsubishi Outlander,"$30,000",https://www.carpages.ca//used-cars/british-columbia/port-moody/2018-mitsubishi-outlander-6391747/
669,2014 Toyota Camry,"$17,998",https://www.carpages.ca//used-cars/british-columbia/courtenay/2014-toyota-camry-6391216/
670,2008 Toyota Highlander Hybrid,"$10,495",https://www.carpages.ca//used-cars/ontario/komoka/2008-toyota-highlander-hybrid-6389834/
671,2019 Ford Fusion Hybrid,"$18,880",https://www.carpages.ca//used-cars/ontario/north-york/2019-ford-fusion-hybrid-6388112/
672,2019 Ford Fusion Hybrid,"$18,880",https://www.carpages.ca//used-cars/ontario/north-york/2019-ford-fusion-hybrid-6388100/
673,2019 Ford Fusion,"$16,900",https://www.carpages.ca//used-cars/ontario/waterloo/2019-ford-fusion-6388001/
674,2020 Hyundai Ioniq Hybrid,"$32,955",https://www.carpages.ca//new-cars/ontario/mississauga/2020-hyundai-ioniq-hybrid-6387914/
675,2019 RAM 1500,"$57,444",https://www.carpages.ca//used-cars/nova-scotia/kentville/2019-ram-1500-6387758/
676,2020 Nissan Leaf,"$38,995",https://www.carpages.ca//used-cars/quebec/chateauguay/2020-nissan-leaf-6386726/
677,2017 Smart fortwo,"$16,990",https://www.carpages.ca//used-cars/ontario/london/2017-smart-fortwo-6385842/
678,2016 Hyundai Sonata Plug In Hybrid,"$17,994",https://www.carpages.ca//used-cars/ontario/windsor/2016-hyundai-sonata-plug-in-hybrid-6385386/
679,2021 Jeep Wrangler,"$58,891",https://www.carpages.ca//new-cars/british-columbia/abbotsford/2021-jeep-wrangler-6385116/
680,2021 Toyota RAV4,"$39,340",https://www.carpages.ca//new-cars/ontario/hamilton/2021-toyota-rav4-6384834/
681,2021 Ford F-150,"$61,684",https://www.carpages.ca//new-cars/ontario/ottawa/2021-ford-f-150-6384636/
682,2021 Hyundai KONA,"$48,624",https://www.carpages.ca//new-cars/british-columbia/abbotsford/2021-hyundai-kona-6383781/
683,2021 Ford Mustang,"$64,245",https://www.carpages.ca//new-cars/manitoba/selkirk/2021-ford-mustang-6383208/
684,2021 Chrysler Pacifica,"$57,730",https://www.carpages.ca//new-cars/saskatchewan/saskatoon/2021-chrysler-pacifica-6382917/
685,2020 Honda Accord,"$36,375",https://www.carpages.ca//new-cars/british-columbia/port-moody/2020-honda-accord-6382401/
686,2020 Honda Accord,"$43,075",https://www.carpages.ca//new-cars/british-columbia/port-moody/2020-honda-accord-6382371/
687,2021 Hyundai KONA,"$49,589",https://www.carpages.ca//new-cars/ontario/kanata/2021-hyundai-kona-6382080/
688,2021 Hyundai KONA,"$49,139",https://www.carpages.ca//new-cars/ontario/kanata/2021-hyundai-kona-6382077/
689,2021 Hyundai KONA,"$49,589",https://www.carpages.ca//new-cars/ontario/kanata/2021-hyundai-kona-6382074/
690,2021 Hyundai KONA,"$56,139",https://www.carpages.ca//new-cars/ontario/kanata/2021-hyundai-kona-6382068/
691,2021 Toyota Highlander,"$47,925",https://www.carpages.ca//new-cars/ontario/whitby/2021-toyota-highlander-6381423/
692,2016 Toyota Camry,"$18,880",https://www.carpages.ca//used-cars/ontario/kitchener/2016-toyota-camry-6380792/
693,2021 Kia Soul EV,"$53,890",https://www.carpages.ca//new-cars/british-columbia/vancouver/2021-kia-soul-ev-6380168/
694,2019 Chevrolet Volt,"$36,525",https://www.carpages.ca//used-cars/british-columbia/north-vancouver/2019-chevrolet-volt-6378768/
695,2019 Hyundai IONIQ,"$26,500",https://www.carpages.ca//used-cars/british-columbia/surrey/2019-hyundai-ioniq-6378537/
696,2020 Ford Fusion,"$25,500",https://www.carpages.ca//used-cars/british-columbia/new-westminster/2020-ford-fusion-6378525/
697,2020 Ford Fusion,"$24,800",https://www.carpages.ca//used-cars/british-columbia/new-westminster/2020-ford-fusion-6378519/
698,2020 Ford Fusion,"$25,500",https://www.carpages.ca//used-cars/british-columbia/new-westminster/2020-ford-fusion-6378513/
699,2020 Ford Fusion,"$24,800",https://www.carpages.ca//used-cars/british-columbia/new-westminster/2020-ford-fusion-6378507/
700,2017 Chevrolet Volt,"$20,989",https://www.carpages.ca//used-cars/quebec/st-basile-le-grand/2017-chevrolet-volt-6397570/
701,2016 Chevrolet Volt,"$19,989",https://www.carpages.ca//used-cars/quebec/st-basile-le-grand/2016-chevrolet-volt-6397567/
702,2017 Hyundai Accent,"$18,995",https://www.carpages.ca//used-cars/quebec/st-constant/2017-hyundai-accent-6397033/
703,2020 Ford Explorer,"$60,449",https://www.carpages.ca//new-cars/manitoba/brandon/2020-ford-explorer-6397027/
704,2019 Ford Fusion,"$21,998",https://www.carpages.ca//used-cars/saskatchewan/regina/2019-ford-fusion-6396796/
705,2020 Ford Fusion,"$39,553",https://www.carpages.ca//new-cars/ontario/mississauga/2020-ford-fusion-6396721/
706,2019 Ford Fusion,"$41,565",https://www.carpages.ca//new-cars/ontario/mississauga/2019-ford-fusion-6396718/
707,2017 Ford Focus,"$17,991",https://www.carpages.ca//used-cars/quebec/victoriaville/2017-ford-focus-6396334/
708,2014 Toyota Camry,"$13,300",https://www.carpages.ca//used-cars/ontario/kitchener/2014-toyota-camry-6395782/
709,2017 Ford Fusion,"$19,950",https://www.carpages.ca//used-cars/ontario/kitchener/2017-ford-fusion-6394360/
710,2017 Ford Fusion,"$19,950",https://www.carpages.ca//used-cars/ontario/kitchener/2017-ford-fusion-6394354/
711,2015 Toyota Prius,"$18,750",https://www.carpages.ca//used-cars/ontario/kitchener/2015-toyota-prius-6394351/
712,2019 Ford Fusion Hybrid,"$23,992",https://www.carpages.ca//used-cars/ontario/london/2019-ford-fusion-hybrid-6394252/
713,2016 Toyota Highlander Hybrid,"$23,999",https://www.carpages.ca//used-cars/ontario/bolton/2016-toyota-highlander-hybrid-6394120/
714,2019 Toyota Highlander,"$47,999",https://www.carpages.ca//used-cars/ontario/renfrew/2019-toyota-highlander-6393154/
715,2021 Toyota Highlander,"$58,535",https://www.carpages.ca//new-cars/ontario/cobourg/2021-toyota-highlander-6392638/
716,2019 Tesla Model 3,"$54,888",https://www.carpages.ca//used-cars/british-columbia/mission/2019-tesla-model-3-6391933/
717,2021 Jeep Wrangler,"$58,136",https://www.carpages.ca//new-cars/saskatchewan/regina/2021-jeep-wrangler-6391825/
718,2018 Mitsubishi Outlander,"$30,000",https://www.carpages.ca//used-cars/british-columbia/port-moody/2018-mitsubishi-outlander-6391747/
719,2014 Toyota Camry,"$17,998",https://www.carpages.ca//used-cars/british-columbia/courtenay/2014-toyota-camry-6391216/
720,2008 Toyota Highlander Hybrid,"$10,495",https://www.carpages.ca//used-cars/ontario/komoka/2008-toyota-highlander-hybrid-6389834/
721,2019 Ford Fusion Hybrid,"$18,880",https://www.carpages.ca//used-cars/ontario/north-york/2019-ford-fusion-hybrid-6388112/
722,2019 Ford Fusion Hybrid,"$18,880",https://www.carpages.ca//used-cars/ontario/north-york/2019-ford-fusion-hybrid-6388100/
723,2019 Ford Fusion,"$16,900",https://www.carpages.ca//used-cars/ontario/waterloo/2019-ford-fusion-6388001/
724,2020 Hyundai Ioniq Hybrid,"$32,955",https://www.carpages.ca//new-cars/ontario/mississauga/2020-hyundai-ioniq-hybrid-6387914/
725,2019 RAM 1500,"$57,444",https://www.carpages.ca//used-cars/nova-scotia/kentville/2019-ram-1500-6387758/
726,2020 Nissan Leaf,"$38,995",https://www.carpages.ca//used-cars/quebec/chateauguay/2020-nissan-leaf-6386726/
727,2017 Smart fortwo,"$16,990",https://www.carpages.ca//used-cars/ontario/london/2017-smart-fortwo-6385842/
728,2016 Hyundai Sonata Plug In Hybrid,"$17,994",https://www.carpages.ca//used-cars/ontario/windsor/2016-hyundai-sonata-plug-in-hybrid-6385386/
729,2021 Jeep Wrangler,"$58,891",https://www.carpages.ca//new-cars/british-columbia/abbotsford/2021-jeep-wrangler-6385116/
730,2021 Toyota RAV4,"$39,340",https://www.carpages.ca//new-cars/ontario/hamilton/2021-toyota-rav4-6384834/
731,2021 Ford F-150,"$61,684",https://www.carpages.ca//new-cars/ontario/ottawa/2021-ford-f-150-6384636/
732,2021 Hyundai KONA,"$48,624",https://www.carpages.ca//new-cars/british-columbia/abbotsford/2021-hyundai-kona-6383781/
733,2021 Ford Mustang,"$64,245",https://www.carpages.ca//new-cars/manitoba/selkirk/2021-ford-mustang-6383208/
734,2021 Chrysler Pacifica,"$57,730",https://www.carpages.ca//new-cars/saskatchewan/saskatoon/2021-chrysler-pacifica-6382917/
735,2020 Honda Accord,"$36,375",https://www.carpages.ca//new-cars/british-columbia/port-moody/2020-honda-accord-6382401/
736,2020 Honda Accord,"$43,075",https://www.carpages.ca//new-cars/british-columbia/port-moody/2020-honda-accord-6382371/
737,2021 Hyundai KONA,"$49,589",https://www.carpages.ca//new-cars/ontario/kanata/2021-hyundai-kona-6382080/
738,2021 Hyundai KONA,"$49,139",https://www.carpages.ca//new-cars/ontario/kanata/2021-hyundai-kona-6382077/
739,2021 Hyundai KONA,"$49,589",https://www.carpages.ca//new-cars/ontario/kanata/2021-hyundai-kona-6382074/
740,2021 Hyundai KONA,"$56,139",https://www.carpages.ca//new-cars/ontario/kanata/2021-hyundai-kona-6382068/
741,2021 Toyota Highlander,"$47,925",https://www.carpages.ca//new-cars/ontario/whitby/2021-toyota-highlander-6381423/
742,2016 Toyota Camry,"$18,880",https://www.carpages.ca//used-cars/ontario/kitchener/2016-toyota-camry-6380792/
743,2021 Kia Soul EV,"$53,890",https://www.carpages.ca//new-cars/british-columbia/vancouver/2021-kia-soul-ev-6380168/
744,2019 Chevrolet Volt,"$36,525",https://www.carpages.ca//used-cars/british-columbia/north-vancouver/2019-chevrolet-volt-6378768/
745,2019 Hyundai IONIQ,"$26,500",https://www.carpages.ca//used-cars/british-columbia/surrey/2019-hyundai-ioniq-6378537/
746,2020 Ford Fusion,"$25,500",https://www.carpages.ca//used-cars/british-columbia/new-westminster/2020-ford-fusion-6378525/
747,2020 Ford Fusion,"$24,800",https://www.carpages.ca//used-cars/british-columbia/new-westminster/2020-ford-fusion-6378519/
748,2020 Ford Fusion,"$25,500",https://www.carpages.ca//used-cars/british-columbia/new-westminster/2020-ford-fusion-6378513/
749,2020 Ford Fusion,"$24,800",https://www.carpages.ca//used-cars/british-columbia/new-westminster/2020-ford-fusion-6378507/
